-- phpMyAdmin SQL Dump
-- version 4.2.7.1
-- http://www.phpmyadmin.net
--
-- Host: 127.0.0.1
-- Generation Time: Mar 25, 2015 at 01:26 PM
-- Server version: 5.6.20
-- PHP Version: 5.5.15

SET SQL_MODE = "NO_AUTO_VALUE_ON_ZERO";
SET time_zone = "+00:00";


/*!40101 SET @OLD_CHARACTER_SET_CLIENT=@@CHARACTER_SET_CLIENT */;
/*!40101 SET @OLD_CHARACTER_SET_RESULTS=@@CHARACTER_SET_RESULTS */;
/*!40101 SET @OLD_COLLATION_CONNECTION=@@COLLATION_CONNECTION */;
/*!40101 SET NAMES utf8 */;

--
-- Database: `sandbox`
--

-- --------------------------------------------------------

--
-- Table structure for table `sb__centre`
--

CREATE TABLE IF NOT EXISTS `sb__centre` (
`id` int(9) NOT NULL,
  `centre_name` varchar(255) NOT NULL,
  `city` int(9) NOT NULL,
  `locality` int(9) NOT NULL,
  `state` int(9) NOT NULL,
  `added_on` timestamp NOT NULL DEFAULT CURRENT_TIMESTAMP ON UPDATE CURRENT_TIMESTAMP,
  `updated_on` timestamp NOT NULL DEFAULT '0000-00-00 00:00:00',
  `added_by` int(9) NOT NULL,
  `updated_by` int(9) NOT NULL,
  `status` smallint(2) NOT NULL
) ENGINE=InnoDB  DEFAULT CHARSET=latin1 AUTO_INCREMENT=5 ;

--
-- Dumping data for table `sb__centre`
--

INSERT INTO `sb__centre` (`id`, `centre_name`, `city`, `locality`, `state`, `added_on`, `updated_on`, `added_by`, `updated_by`, `status`) VALUES
(1, 'test centre', 428, 1, 16, '2015-03-23 08:33:38', '0000-00-00 00:00:00', 0, 0, 1),
(2, 'my test centre', 428, 2, 16, '2015-03-23 08:33:38', '0000-00-00 00:00:00', 0, 0, 1),
(3, 'lokeshcenter', 428, 1, 16, '2015-03-23 08:33:38', '0000-00-00 00:00:00', 0, 0, 1),
(4, 'lokesh center', 428, 1, 16, '2015-03-23 08:33:38', '0000-00-00 00:00:00', 0, 0, 1);

-- --------------------------------------------------------

--
-- Table structure for table `sb__centre_association`
--

CREATE TABLE IF NOT EXISTS `sb__centre_association` (
`id` int(9) NOT NULL,
  `user_id` int(9) NOT NULL,
  `association_start` timestamp NOT NULL DEFAULT '0000-00-00 00:00:00',
  `association_end` timestamp NOT NULL DEFAULT '0000-00-00 00:00:00',
  `centre_id` int(9) NOT NULL
) ENGINE=InnoDB DEFAULT CHARSET=latin1 AUTO_INCREMENT=1 ;

-- --------------------------------------------------------

--
-- Table structure for table `sb__centre_user`
--

CREATE TABLE IF NOT EXISTS `sb__centre_user` (
`id` int(9) NOT NULL,
  `firstname` varchar(150) NOT NULL,
  `lastname` varchar(150) NOT NULL,
  `email` varchar(50) NOT NULL,
  `mobile` varchar(20) NOT NULL,
  `password` varchar(70) NOT NULL,
  `role` int(9) NOT NULL,
  `centre_id` int(9) NOT NULL,
  `general_trainer_id` int(9) DEFAULT NULL,
  `personal_trainer_id` int(9) DEFAULT NULL,
  `nutritionist_id` int(9) DEFAULT NULL,
  `added_on` timestamp NOT NULL DEFAULT CURRENT_TIMESTAMP,
  `updated_on` timestamp NOT NULL DEFAULT CURRENT_TIMESTAMP,
  `added_by` int(9) DEFAULT NULL,
  `updated_by` int(9) DEFAULT NULL,
  `status` smallint(2) NOT NULL
) ENGINE=InnoDB  DEFAULT CHARSET=latin1 AUTO_INCREMENT=7 ;

--
-- Dumping data for table `sb__centre_user`
--

INSERT INTO `sb__centre_user` (`id`, `firstname`, `lastname`, `email`, `mobile`, `password`, `role`, `centre_id`, `general_trainer_id`, `personal_trainer_id`, `nutritionist_id`, `added_on`, `updated_on`, `added_by`, `updated_by`, `status`) VALUES
(1, 'admin', 'admin', 'admin@admin.com', '1234567890', 'd033e22ae348aeb5660fc2140aec35850c4da997', 1, 1, 0, NULL, NULL, '2015-03-22 21:41:17', '2015-03-22 21:41:17', NULL, NULL, 1),
(2, 'lokesh', 'jain', 'lokesh.jain@gympik.com', '8867716533', '280f74a866894bea1070a88d01b3c12983c4fc56', 2, 1, 0, NULL, NULL, '2015-03-22 21:43:18', '2015-03-23 01:46:42', 1, 1, 1),
(4, 'trishul', 'goel', 'trishul.goel@gympik.com', '886722440', '80fc674cfdde12c80f1385bdaaa48c4e60bb390b', 3, 1, 0, NULL, NULL, '2015-03-22 21:53:32', '2015-03-22 21:53:32', 2, 2, 1),
(5, 'anurag', 'gaur', 'anurag.gaur@gympik.com', '9829838627', '280f74a866894bea1070a88d01b3c12983c4fc56', 6, 1, 0, NULL, NULL, '2015-03-23 23:33:42', '2015-03-23 23:33:42', 2, 2, 1),
(6, 'manish', '', 'manish.jain@gympik.com', '9252616533', '93d3314e6a0de373e0ce19d73f4ffcf00f9f5dc5', 6, 1, 4, NULL, NULL, '2015-03-25 00:20:49', '2015-03-25 00:20:49', 4, 4, 1);

-- --------------------------------------------------------

--
-- Table structure for table `sb__centre_user_role`
--

CREATE TABLE IF NOT EXISTS `sb__centre_user_role` (
`id` int(9) NOT NULL,
  `role` varchar(100) NOT NULL,
  `status` smallint(2) NOT NULL
) ENGINE=InnoDB  DEFAULT CHARSET=latin1 AUTO_INCREMENT=7 ;

--
-- Dumping data for table `sb__centre_user_role`
--

INSERT INTO `sb__centre_user_role` (`id`, `role`, `status`) VALUES
(1, 'admin', 1),
(2, 'manager', 1),
(3, 'general trainer', 1),
(4, 'personal trainer', 1),
(5, 'nutritionist', 1),
(6, 'user', 1);

-- --------------------------------------------------------

--
-- Table structure for table `sb__city`
--

CREATE TABLE IF NOT EXISTS `sb__city` (
`id` int(9) NOT NULL,
  `city` varchar(50) NOT NULL,
  `state` int(9) DEFAULT NULL,
  `status` smallint(2) NOT NULL
) ENGINE=InnoDB  DEFAULT CHARSET=latin1 AUTO_INCREMENT=1004 ;

--
-- Dumping data for table `sb__city`
--

INSERT INTO `sb__city` (`id`, `city`, `state`, `status`) VALUES
(1, 'Port Blair', 1, 1),
(2, 'Adilabad', 2, 1),
(4, 'Alwal', 2, 1),
(5, 'Anakapalle', 2, 1),
(7, 'Bapatla', 2, 1),
(8, 'Belampalli', 2, 1),
(9, 'Bhimavaram', 2, 1),
(10, 'Bhongir', 2, 1),
(11, 'Bobbili', 2, 1),
(12, 'Bodhan', 2, 1),
(13, 'Chilakalurupet', 2, 1),
(14, 'Chinna Chawk', 2, 1),
(15, 'Chirala', 2, 1),
(16, 'Chittur', 2, 1),
(17, 'Cuddapah', 2, 1),
(18, 'Dharmavaram', 2, 1),
(19, 'Dhone', 2, 1),
(20, 'Eluru', 2, 1),
(21, 'Gaddiannaram', 2, 1),
(22, 'Gadwal', 2, 1),
(23, 'Gajuwaka', 2, 1),
(24, 'Gudivada', 2, 1),
(25, 'Gudur', 2, 1),
(26, 'Guntakal', 2, 1),
(27, 'Guntur', 2, 1),
(28, 'Hindupur', 2, 1),
(29, 'Hyderabad', 2, 1),
(30, 'Jagtial', 2, 1),
(31, 'Kadiri', 2, 1),
(32, 'Kagaznagar', 2, 1),
(33, 'Kakinada', 2, 1),
(34, 'Kallur', 2, 1),
(35, 'Kamareddi', 2, 1),
(36, 'Kapra', 2, 1),
(37, 'Karimnagar', 2, 1),
(38, 'Karnul', 2, 1),
(39, 'Kavali', 2, 1),
(40, 'Khammam', 2, 1),
(41, 'Kodar', 2, 1),
(42, 'Kondukur', 2, 1),
(43, 'Koratla', 2, 1),
(44, 'Kottagudem', 2, 1),
(45, 'Kukatpalle', 2, 1),
(46, 'Lalbahadur Nagar', 2, 1),
(47, 'Machilipatnam', 2, 1),
(48, 'Mahbubnagar', 2, 1),
(49, 'Malkajgiri', 2, 1),
(50, 'Mancheral', 2, 1),
(51, 'Mandamarri', 2, 1),
(52, 'Mangalagiri', 2, 1),
(53, 'Markapur', 2, 1),
(54, 'Miryalaguda', 2, 1),
(55, 'Nalgonda', 2, 1),
(56, 'Nandyal', 2, 1),
(57, 'Narasapur', 2, 1),
(58, 'Narasaraopet', 2, 1),
(59, 'Nellur', 2, 1),
(60, 'Nirmal', 2, 1),
(61, 'Nizamabad', 2, 1),
(62, 'Nuzvid', 2, 1),
(63, 'Ongole', 2, 1),
(64, 'Palakollu', 2, 1),
(65, 'Palasa', 2, 1),
(66, 'Palwancha', 2, 1),
(67, 'Patancheru', 2, 1),
(68, 'Piduguralla', 2, 1),
(69, 'Ponnur', 2, 1),
(70, 'Proddatur', 2, 1),
(71, 'Qutubullapur', 2, 1),
(72, 'Rajamahendri', 2, 1),
(73, 'Rajampet', 2, 1),
(74, 'Rajendranagar', 2, 1),
(75, 'Ramachandrapuram', 2, 1),
(76, 'Ramagundam', 2, 1),
(77, 'Rayachoti', 2, 1),
(78, 'Rayadrug', 2, 1),
(79, 'Samalkot', 2, 1),
(80, 'Sangareddi', 2, 1),
(81, 'Sattenapalle', 2, 1),
(82, 'Serilungampalle', 2, 1),
(83, 'Siddipet', 2, 1),
(84, 'Sikandarabad', 2, 1),
(85, 'Sirsilla', 2, 1),
(86, 'Srikakulam', 2, 1),
(87, 'Srikalahasti', 2, 1),
(88, 'Suriapet', 2, 1),
(89, 'Tadepalle', 2, 1),
(90, 'Tadepallegudem', 2, 1),
(91, 'Tadpatri', 2, 1),
(92, 'Tandur', 2, 1),
(93, 'Tanuku', 2, 1),
(94, 'Tenali', 2, 1),
(95, 'Tirupati', 2, 1),
(96, 'Tuni', 2, 1),
(97, 'Uppal Kalan', 2, 1),
(98, 'Vijayawada', 2, 1),
(99, 'Vinukonda', 2, 1),
(100, 'Visakhapatnam', 2, 1),
(101, 'Vizianagaram', 2, 1),
(102, 'Vuyyuru', 2, 1),
(103, 'Wanparti', 2, 1),
(104, 'Warangal', 2, 1),
(105, 'Yemmiganur', 2, 1),
(106, 'Itanagar', 3, 1),
(107, 'Barpeta', 4, 1),
(108, 'Bongaigaon', 4, 1),
(109, 'Dhuburi', 4, 1),
(110, 'Dibrugarh', 4, 1),
(111, 'Diphu', 4, 1),
(112, 'Guwahati', 4, 1),
(113, 'Jorhat', 4, 1),
(114, 'Karimganj', 4, 1),
(115, 'Lakhimpur', 4, 1),
(116, 'Lanka', 4, 1),
(117, 'Nagaon', 4, 1),
(118, 'Sibsagar', 4, 1),
(119, 'Silchar', 4, 1),
(120, 'Tezpur', 4, 1),
(121, 'Tinsukia', 4, 1),
(122, 'Alipur Duar', 33, 1),
(123, 'Arambagh', 33, 1),
(124, 'Asansol', 33, 1),
(125, 'Ashoknagar Kalyangarh', 33, 1),
(126, 'Baharampur', 33, 1),
(127, 'Baidyabati', 33, 1),
(128, 'Baj Baj', 33, 1),
(129, 'Bally', 33, 1),
(130, 'Bally Cantonment', 33, 1),
(131, 'Balurghat', 33, 1),
(132, 'Bangaon', 33, 1),
(133, 'Bankra', 33, 1),
(134, 'Bankura', 33, 1),
(135, 'Bansbaria', 33, 1),
(136, 'Baranagar', 33, 1),
(137, 'Barddhaman', 33, 1),
(138, 'Basirhat', 33, 1),
(139, 'Bhadreswar', 33, 1),
(140, 'Bhatpara', 33, 1),
(141, 'Bidhannagar', 33, 1),
(142, 'Binnaguri', 33, 1),
(143, 'Bishnupur', 33, 1),
(144, 'Bolpur', 33, 1),
(145, 'Calcutta', 33, 1),
(146, 'Chakdaha', 33, 1),
(147, 'Champdani', 33, 1),
(148, 'Chandannagar', 33, 1),
(149, 'Contai', 33, 1),
(150, 'Dabgram', 33, 1),
(151, 'Darjiling', 33, 1),
(152, 'Dhulian', 33, 1),
(153, 'Dinhata', 33, 1),
(154, 'Dum Dum', 33, 1),
(155, 'Durgapur', 33, 1),
(156, 'Gangarampur', 33, 1),
(157, 'Garulia', 33, 1),
(158, 'Gayespur', 33, 1),
(159, 'Ghatal', 33, 1),
(160, 'Gopalpur', 33, 1),
(161, 'Habra', 33, 1),
(162, 'Halisahar', 33, 1),
(163, 'Haora', 33, 1),
(164, 'HugliChunchura', 33, 1),
(165, 'Ingraj Bazar', 33, 1),
(166, 'Islampur', 33, 1),
(167, 'Jalpaiguri', 33, 1),
(168, 'Jamuria', 33, 1),
(169, 'Jangipur', 33, 1),
(170, 'Jhargram', 33, 1),
(171, 'Kaliyaganj', 33, 1),
(172, 'Kalna', 33, 1),
(173, 'Kalyani', 33, 1),
(174, 'Kamarhati', 33, 1),
(175, 'Kanchrapara', 33, 1),
(176, 'Kandi', 33, 1),
(177, 'Karsiyang', 33, 1),
(178, 'Katwa', 33, 1),
(179, 'Kharagpur', 33, 1),
(180, 'Kharagpur Railway Settlement', 33, 1),
(181, 'Khardaha', 33, 1),
(182, 'Kharia', 33, 1),
(183, 'Koch Bihar', 33, 1),
(184, 'Konnagar', 33, 1),
(185, 'Krishnanagar', 33, 1),
(186, 'Kulti', 33, 1),
(187, 'Madhyamgram', 33, 1),
(188, 'Maheshtala', 33, 1),
(189, 'Memari', 33, 1),
(190, 'Midnapur', 33, 1),
(191, 'Naihati', 33, 1),
(192, 'Navadwip', 33, 1),
(193, 'Ni Barakpur', 33, 1),
(194, 'North Barakpur', 33, 1),
(195, 'North Dum Dum', 33, 1),
(196, 'Old Maldah', 33, 1),
(197, 'Panihati', 33, 1),
(198, 'Phulia', 33, 1),
(199, 'Pujali', 33, 1),
(200, 'Puruliya', 33, 1),
(201, 'Raiganj', 33, 1),
(202, 'Rajpur', 33, 1),
(203, 'Rampur Hat', 33, 1),
(204, 'Ranaghat', 33, 1),
(205, 'Raniganj', 33, 1),
(206, 'Rishra', 33, 1),
(207, 'Shantipur', 33, 1),
(208, 'Shiliguri', 33, 1),
(209, 'Shrirampur', 33, 1),
(210, 'Siuri', 33, 1),
(211, 'South Dum Dum', 33, 1),
(212, 'Titagarh', 33, 1),
(213, 'Ulubaria', 33, 1),
(214, 'UttarparaKotrung', 33, 1),
(215, 'Araria', 5, 1),
(216, 'Arrah', 5, 1),
(217, 'Aurangabad', 5, 1),
(218, 'Bagaha', 5, 1),
(219, 'Begusarai', 5, 1),
(220, 'Bettiah', 5, 1),
(221, 'Bhabua', 5, 1),
(222, 'Bhagalpur', 5, 1),
(223, 'Bihar', 5, 1),
(224, 'Buxar', 5, 1),
(225, 'Chhapra', 5, 1),
(226, 'Darbhanga', 5, 1),
(227, 'Dehri', 5, 1),
(228, 'DighaMainpura', 5, 1),
(229, 'Dinapur', 5, 1),
(230, 'Dumraon', 5, 1),
(231, 'Gaya', 5, 1),
(232, 'Gopalganj', 5, 1),
(233, 'Goura', 5, 1),
(234, 'Hajipur', 5, 1),
(235, 'Jahanabad', 5, 1),
(236, 'Jamalpur', 5, 1),
(237, 'Jamui', 5, 1),
(238, 'Katihar', 5, 1),
(239, 'Khagaria', 5, 1),
(240, 'Khagaul', 5, 1),
(241, 'Kishanganj', 5, 1),
(242, 'Lakhisarai', 5, 1),
(243, 'Madhipura', 5, 1),
(244, 'Madhubani', 5, 1),
(245, 'Masaurhi', 5, 1),
(246, 'Mokama', 5, 1),
(247, 'Motihari', 5, 1),
(248, 'Munger', 5, 1),
(249, 'Muzaffarpur', 5, 1),
(250, 'Nawada', 5, 1),
(251, 'Patna', 5, 1),
(252, 'Phulwari', 5, 1),
(253, 'Purnia', 5, 1),
(254, 'Raxaul', 5, 1),
(255, 'Saharsa', 5, 1),
(256, 'Samastipur', 5, 1),
(257, 'Sasaram', 5, 1),
(258, 'Sitamarhi', 5, 1),
(259, 'Siwan', 5, 1),
(260, 'Supaul', 5, 1),
(261, 'Chandigarh', 6, 1),
(262, 'Ambikapur', 7, 1),
(263, 'Bhilai', 7, 1),
(264, 'Bilaspur', 7, 1),
(265, 'Charoda', 7, 1),
(266, 'Chirmiri', 7, 1),
(267, 'Dhamtari', 7, 1),
(268, 'Durg', 7, 1),
(269, 'Jagdalpur', 7, 1),
(270, 'Korba', 7, 1),
(271, 'Raigarh', 7, 1),
(272, 'Raipur', 7, 1),
(273, 'Rajnandgaon', 7, 1),
(274, 'Bhalswa Jahangirpur', NULL, 0),
(275, 'Burari', 8, 1),
(276, 'Chilla Saroda Bangar', NULL, 0),
(277, 'Dallo Pura', NULL, 0),
(278, 'Delhi', 8, 1),
(279, 'Deoli', NULL, 0),
(280, 'Dilli Cantonment', NULL, 0),
(281, 'Gharoli', NULL, 0),
(282, 'Gokalpur', NULL, 0),
(283, 'Hastsal', NULL, 0),
(284, 'Jaffrabad', NULL, 0),
(285, 'Karawal Nagar', NULL, 0),
(286, 'Khajuri Khas', NULL, 0),
(287, 'Kirari Suleman Nagar', NULL, 0),
(288, 'Mandoli', NULL, 0),
(289, 'Mithe Pur', NULL, 0),
(290, 'Molarband', NULL, 0),
(291, 'Mundka', NULL, 0),
(292, 'Mustafabad', NULL, 0),
(293, 'Nangloi Jat', NULL, 0),
(294, 'Ni Dilli', NULL, 0),
(295, 'Pul Pehlad', NULL, 0),
(296, 'Puth Kalan', NULL, 0),
(297, 'Roshan Pura', NULL, 0),
(298, 'Sadat Pur Gujran', NULL, 0),
(299, 'Sultanpur Majra', NULL, 0),
(300, 'Tajpul', NULL, 0),
(301, 'Tigri', NULL, 0),
(302, 'Ziauddin Pur', NULL, 0),
(303, 'Madgaon', 9, 1),
(304, 'Mormugao', 9, 1),
(305, 'Panaji', 9, 1),
(306, 'Ahmadabad', 10, 1),
(307, 'Amreli', 10, 1),
(308, 'Anand', 10, 1),
(309, 'Anjar', 10, 1),
(310, 'Bardoli', 10, 1),
(311, 'Bharuch', 10, 1),
(312, 'Bhavnagar', 10, 1),
(313, 'Bhuj', 10, 1),
(314, 'Borsad', 10, 1),
(315, 'Botad', 10, 1),
(316, 'Chandkheda', 10, 1),
(317, 'Chandlodiya', 10, 1),
(318, 'Dabhoi', 10, 1),
(319, 'Dahod', 10, 1),
(320, 'Dholka', 10, 1),
(321, 'Dhoraji', 10, 1),
(322, 'Dhrangadhra', 10, 1),
(323, 'Disa', 10, 1),
(324, 'Gandhidham', 10, 1),
(325, 'Gandhinagar', 10, 1),
(326, 'Ghatlodiya', 10, 1),
(327, 'Godhra', 10, 1),
(328, 'Gondal', 10, 1),
(329, 'Himatnagar', 10, 1),
(330, 'Jamnagar', 10, 1),
(331, 'Jamnagar', 10, 1),
(332, 'Jetpur', 10, 1),
(333, 'Junagadh', 10, 1),
(334, 'Kalol', 10, 1),
(335, 'Keshod', 10, 1),
(336, 'Khambhat', 10, 1),
(337, 'Kundla', 10, 1),
(338, 'Mahuva', 10, 1),
(339, 'Mangrol', 10, 1),
(340, 'Modasa', 10, 1),
(341, 'Morvi', 10, 1),
(342, 'Nadiad', 10, 1),
(343, 'Navagam Ghed', 10, 1),
(344, 'Navsari', 10, 1),
(345, 'Palitana', 10, 1),
(346, 'Patan', 10, 1),
(347, 'Porbandar', 10, 1),
(348, 'Puna', 10, 1),
(349, 'Rajkot', 10, 1),
(350, 'Ramod', 10, 1),
(351, 'Ranip', 10, 1),
(352, 'Siddhapur', 10, 1),
(353, 'Sihor', 10, 1),
(354, 'Surat', 10, 1),
(355, 'Surendranagar', 10, 1),
(356, 'Thaltej', 10, 1),
(357, 'Una', 10, 1),
(358, 'Unjha', 10, 1),
(359, 'Upleta', 10, 1),
(360, 'Vadodara', 10, 1),
(361, 'Valsad', 10, 1),
(362, 'Vapi', 10, 1),
(363, 'Vastral', 10, 1),
(364, 'Vejalpur', 10, 1),
(365, 'Veraval', 10, 1),
(366, 'Vijalpor', 10, 1),
(367, 'Visnagar', 10, 1),
(368, 'Wadhwan', 10, 1),
(369, 'Ambala', 11, 1),
(370, 'Ambala Cantonment', 11, 1),
(371, 'Ambala Sadar', 11, 1),
(372, 'Bahadurgarh', 11, 1),
(373, 'Bhiwani', 11, 1),
(374, 'Charkhi Dadri', 11, 1),
(375, 'Dabwali', 11, 1),
(376, 'Faridabad', 8, 1),
(377, 'Gohana', 11, 1),
(378, 'Hisar', 11, 1),
(379, 'Jagadhri', 11, 1),
(380, 'Jind', 11, 1),
(381, 'Kaithal', 11, 1),
(382, 'Karnal', 11, 1),
(383, 'Narnaul', 11, 1),
(384, 'Narwana', 11, 1),
(385, 'Palwal', 11, 1),
(386, 'Panchkula', 11, 1),
(387, 'Panipat', 11, 1),
(388, 'Rewari', 11, 1),
(389, 'Rohtak', 11, 1),
(390, 'Sirsa', 11, 1),
(391, 'Sonipat', 11, 1),
(392, 'Thanesar', 11, 1),
(393, 'Tohana', 11, 1),
(394, 'Yamunanagar', 11, 1),
(395, 'Shimla', 12, 1),
(396, 'Anantnag', 13, 1),
(397, 'Baramula', 13, 1),
(398, 'Bari Brahmana', 13, 1),
(399, 'Jammu', 13, 1),
(400, 'Kathua', 13, 1),
(401, 'Sopur', 13, 1),
(402, 'Srinagar', 13, 1),
(403, 'Udhampur', 13, 1),
(404, 'Adityapur', 15, 1),
(405, 'Bagbahra', 15, 1),
(406, 'Bhuli', 15, 1),
(407, 'Bokaro', 15, 1),
(408, 'Chaibasa', 15, 1),
(409, 'Chas', 15, 1),
(410, 'Daltenganj', 15, 1),
(411, 'Devghar', 15, 1),
(412, 'Dhanbad', 15, 1),
(413, 'Hazaribag', 15, 1),
(414, 'Jamshedpur', 15, 1),
(415, 'Jharia', 15, 1),
(416, 'Jhumri Tilaiya', 15, 1),
(417, 'Jorapokhar', 15, 1),
(418, 'Katras', 15, 1),
(419, 'Lohardaga', 15, 1),
(420, 'Mango', 15, 1),
(421, 'Phusro', 15, 1),
(422, 'Ramgarh', 15, 1),
(423, 'Ranchi', 15, 1),
(424, 'Sahibganj', 15, 1),
(425, 'Saunda', 15, 1),
(426, 'Sindari', 15, 1),
(427, 'Bagalkot', 16, 1),
(428, 'Bangalore', 16, 1),
(429, 'Basavakalyan', 16, 1),
(430, 'Belgaum', 16, 1),
(431, 'Bellary', 16, 1),
(432, 'Bhadravati', 16, 1),
(433, 'Bidar', 16, 1),
(434, 'Bijapur', 16, 1),
(435, 'Bommanahalli', 16, 1),
(436, 'Byatarayanapura', 16, 1),
(437, 'Challakere', 16, 1),
(438, 'Chamrajnagar', 16, 1),
(439, 'Channapatna', 16, 1),
(440, 'Chik Ballapur', 16, 1),
(441, 'Chikmagalur', 16, 1),
(442, 'Chintamani', 16, 1),
(443, 'Chitradurga', 16, 1),
(444, 'Dasarahalli', 16, 1),
(445, 'Davanagere', 16, 1),
(446, 'Dod Ballapur', 16, 1),
(447, 'Gadag', 16, 1),
(448, 'Gangawati', 16, 1),
(449, 'Gokak', 16, 1),
(450, 'Gulbarga', 16, 1),
(451, 'Harihar', 16, 1),
(452, 'Hassan', 16, 1),
(453, 'Haveri', 16, 1),
(454, 'Hiriyur', 16, 1),
(455, 'Hosakote', 16, 1),
(456, 'Hospet', 16, 1),
(457, 'Hubli', 16, 1),
(458, 'Ilkal', 16, 1),
(459, 'Jamkhandi', 16, 1),
(460, 'Kanakapura', 16, 1),
(461, 'Karwar', 16, 1),
(462, 'Kolar', 16, 1),
(463, 'Kollegal', 16, 1),
(464, 'Koppal', 16, 1),
(465, 'Krishnarajapura', 16, 1),
(466, 'Mahadevapura', 16, 1),
(467, 'Maisuru', 16, 1),
(468, 'Mandya', 16, 1),
(469, 'Mangaluru', 16, 1),
(470, 'Nipani', 16, 1),
(471, 'Pattanagere', 16, 1),
(472, 'Puttur', 16, 1),
(473, 'Rabkavi', 16, 1),
(474, 'Raichur', 16, 1),
(475, 'Ramanagaram', 16, 1),
(476, 'Ranibennur', 16, 1),
(477, 'Robertsonpet', 16, 1),
(478, 'Sagar', 16, 1),
(479, 'Shahabad', 16, 1),
(480, 'Shahpur', 16, 1),
(481, 'Shimoga', 16, 1),
(482, 'Shorapur', 16, 1),
(483, 'Sidlaghatta', 16, 1),
(484, 'Sira', 16, 1),
(485, 'Sirsi', 16, 1),
(486, 'Tiptur', 16, 1),
(487, 'Tumkur', 16, 1),
(488, 'Udupi', 16, 1),
(489, 'Ullal', 16, 1),
(490, 'Yadgir', 16, 1),
(491, 'Yelahanka', 16, 1),
(492, 'Alappuzha', 17, 1),
(493, 'Beypur', 17, 1),
(494, 'Cheruvannur', 17, 1),
(495, 'Edakkara', 17, 1),
(496, 'Edathala', 17, 1),
(497, 'Kalamassery', 17, 1),
(498, 'Kannan Devan Hills', 17, 1),
(499, 'Kannangad', 17, 1),
(500, 'Kannur', 17, 1),
(501, 'Kayankulam', 17, 1),
(502, 'Kochi', 17, 1),
(503, 'Kollam', 17, 1),
(504, 'Kottayam', 17, 1),
(505, 'Koyilandi', 17, 1),
(506, 'Kozhikkod', 17, 1),
(507, 'Kunnamkulam', 17, 1),
(508, 'Malappuram', 17, 1),
(509, 'Manjeri', 17, 1),
(510, 'Nedumangad', 17, 1),
(511, 'Neyyattinkara', 17, 1),
(512, 'Palakkad', 17, 1),
(513, 'Pallichal', 17, 1),
(514, 'Payyannur', 17, 1),
(515, 'Ponnani', 17, 1),
(516, 'Talipparamba', 17, 1),
(517, 'Thalassery', 17, 1),
(518, 'Thiruvananthapuram', 17, 1),
(519, 'Thrippunithura', 17, 1),
(520, 'Thrissur', 17, 1),
(521, 'Tirur', 17, 1),
(522, 'Tiruvalla', 17, 1),
(523, 'Vadakara', 17, 1),
(524, 'Ashoknagar', 18, 1),
(525, 'Balaghat', 18, 1),
(526, 'Basoda', 18, 1),
(527, 'Betul', 18, 1),
(528, 'Bhind', 18, 1),
(529, 'Bhopal', 18, 1),
(530, 'BinaEtawa', 18, 1),
(531, 'Burhanpur', 18, 1),
(532, 'Chhatarpur', 18, 1),
(533, 'Chhindwara', 18, 1),
(534, 'Dabra', 18, 1),
(535, 'Damoh', 18, 1),
(536, 'Datia', 18, 1),
(537, 'Dewas', 18, 1),
(538, 'Dhar', 18, 1),
(539, 'Gohad', 18, 1),
(540, 'Guna', 18, 1),
(541, 'Gwalior', 18, 1),
(542, 'Harda', 18, 1),
(543, 'Hoshangabad', 18, 1),
(544, 'Indore', 18, 1),
(545, 'Itarsi', 18, 1),
(546, 'Jabalpur', 18, 1),
(547, 'Jabalpur Cantonment', 18, 1),
(548, 'Jaora', 18, 1),
(549, 'Khandwa', 18, 1),
(550, 'Khargone', 18, 1),
(551, 'Mandidip', 18, 1),
(552, 'Mandsaur', 18, 1),
(553, 'Mau', 18, 1),
(554, 'Morena', 18, 1),
(555, 'Murwara', 18, 1),
(556, 'Nagda', 18, 1),
(557, 'Nimach', 18, 1),
(558, 'Pithampur', 18, 1),
(559, 'Raghogarh', 18, 1),
(560, 'Ratlam', 18, 1),
(561, 'Rewa', 18, 1),
(562, 'Sagar', 18, 1),
(563, 'Sarni', 18, 1),
(564, 'Satna', 18, 1),
(565, 'Sehore', 18, 1),
(566, 'Sendhwa', 18, 1),
(567, 'Seoni', 18, 1),
(568, 'Shahdol', 18, 1),
(569, 'Shajapur', 18, 1),
(570, 'Sheopur', 18, 1),
(571, 'Shivapuri', 18, 1),
(572, 'Sidhi', 18, 1),
(573, 'Singrauli', 18, 1),
(574, 'Tikamgarh', 18, 1),
(575, 'Ujjain', 18, 1),
(576, 'Vidisha', 18, 1),
(577, 'Achalpur', 19, 1),
(578, 'Ahmadnagar', 19, 1),
(579, 'Akola', 19, 1),
(580, 'Akot', 19, 1),
(581, 'Amalner', 19, 1),
(582, 'Ambajogai', 19, 1),
(583, 'Amravati', 19, 1),
(584, 'Anjangaon', 19, 1),
(585, 'Aurangabad', 19, 1),
(586, 'Badlapur', 19, 1),
(587, 'Ballarpur', 19, 1),
(588, 'Baramati', 19, 1),
(589, 'Barsi', 19, 1),
(590, 'Basmat', 19, 1),
(591, 'Bhadravati', 19, 1),
(592, 'Bhandara', 19, 1),
(593, 'Bhiwandi', 19, 1),
(594, 'Bhusawal', 19, 1),
(595, 'Bid', 19, 1),
(596, 'Mumbai', 19, 1),
(597, 'Buldana', 19, 1),
(598, 'Chalisgaon', 19, 1),
(599, 'Chandrapur', 19, 1),
(600, 'Chikhli', 19, 1),
(601, 'Chiplun', 19, 1),
(602, 'Chopda', 19, 1),
(603, 'Dahanu', 19, 1),
(604, 'Deolali', 19, 1),
(605, 'Dhule', 19, 1),
(606, 'Digdoh', 19, 1),
(607, 'Diglur', 19, 1),
(608, 'Gadchiroli', 19, 1),
(609, 'Gondiya', 19, 1),
(610, 'Hinganghat', 19, 1),
(611, 'Hingoli', 19, 1),
(612, 'Ichalkaranji', 19, 1),
(613, 'Jalgaon', 19, 1),
(614, 'Jalna', 19, 1),
(615, 'Kalyan', 19, 1),
(616, 'Kamthi', 19, 1),
(617, 'Karanja', 19, 1),
(618, 'Khadki', 19, 1),
(619, 'Khamgaon', 19, 1),
(620, 'Khopoli', 19, 1),
(621, 'Kolhapur', 19, 1),
(622, 'Kopargaon', 19, 1),
(623, 'Latur', 19, 1),
(624, 'Lonavale', 19, 1),
(625, 'Malegaon', 19, 1),
(626, 'Malkapur', 19, 1),
(627, 'Manmad', 19, 1),
(628, 'Mira Bhayandar', 19, 1),
(629, 'Nagpur', 19, 1),
(630, 'Nalasopara', 19, 1),
(631, 'Nanded', 19, 1),
(632, 'Nandurbar', 19, 1),
(633, 'Nashik', 19, 1),
(634, 'Navghar', 19, 1),
(635, 'Navi Mumbai', 19, 1),
(637, 'Osmanabad', 19, 1),
(638, 'Palghar', 19, 1),
(639, 'Pandharpur', 19, 1),
(640, 'Parbhani', 19, 1),
(641, 'Phaltan', 19, 1),
(642, 'Pimpri', 19, 1),
(643, 'Pune', 19, 1),
(644, 'Pune Cantonment', 19, 1),
(645, 'Pusad', 19, 1),
(646, 'Ratnagiri', 19, 1),
(647, 'SangliMiraj', 19, 1),
(648, 'Satara', 19, 1),
(649, 'Shahada', 19, 1),
(650, 'Shegaon', 19, 1),
(651, 'Shirpur', 19, 1),
(652, 'Sholapur', 19, 1),
(653, 'Shrirampur', 19, 1),
(654, 'Sillod', 19, 1),
(655, 'Thana', 19, 1),
(656, 'Udgir', 19, 1),
(657, 'Ulhasnagar', 19, 1),
(658, 'Uran Islampur', 19, 1),
(659, 'Vasai', 19, 1),
(660, 'Virar', 19, 1),
(661, 'Wadi', 19, 1),
(662, 'Wani', 19, 1),
(663, 'Wardha', 19, 1),
(664, 'Warud', 19, 1),
(665, 'Washim', 19, 1),
(666, 'Yavatmal', 19, 1),
(667, 'Imphal', 20, 1),
(668, 'Shillong', 21, 1),
(669, 'Tura', 21, 1),
(670, 'Aizawl', 22, 1),
(671, 'Lunglei', 22, 1),
(672, 'Dimapur', 23, 1),
(673, 'Kohima', 23, 1),
(674, 'Wokha', 23, 1),
(675, 'Balangir', 24, 1),
(676, 'Baleshwar', 24, 1),
(677, 'Barbil', 24, 1),
(678, 'Bargarh', 24, 1),
(679, 'Baripada', 24, 1),
(680, 'Bhadrak', 24, 1),
(681, 'Bhawanipatna', 24, 1),
(682, 'Bhubaneswar', 24, 1),
(683, 'Brahmapur', 24, 1),
(684, 'Brajrajnagar', 24, 1),
(685, 'Dhenkanal', 24, 1),
(686, 'Jaypur', 24, 1),
(687, 'Jharsuguda', 24, 1),
(688, 'Kataka', 24, 1),
(689, 'Kendujhar', 24, 1),
(690, 'Paradwip', 24, 1),
(691, 'Puri', 24, 1),
(692, 'Raurkela', 24, 1),
(693, 'Raurkela Industrial Township', 24, 1),
(694, 'Rayagada', 24, 1),
(695, 'Sambalpur', 24, 1),
(696, 'Sunabeda', 24, 1),
(697, 'Karaikal', 25, 1),
(698, 'Ozhukarai', 25, 1),
(699, 'Pondicherry', 25, 1),
(700, 'Abohar', 26, 1),
(701, 'Amritsar', 26, 1),
(702, 'Barnala', 26, 1),
(703, 'Batala', 26, 1),
(704, 'Bathinda', 26, 1),
(705, 'Dhuri', 26, 1),
(706, 'Faridkot', 26, 1),
(707, 'Fazilka', 26, 1),
(708, 'Firozpur', 26, 1),
(709, 'Firozpur Cantonment', 26, 1),
(710, 'Gobindgarh', 26, 1),
(711, 'Gurdaspur', 26, 1),
(712, 'Hoshiarpur', 26, 1),
(713, 'Jagraon', 26, 1),
(714, 'Jalandhar', 26, 1),
(715, 'Kapurthala', 26, 1),
(716, 'Khanna', 26, 1),
(717, 'Kot Kapura', 26, 1),
(718, 'Ludhiana', 26, 1),
(719, 'Malaut', 26, 1),
(720, 'Maler Kotla', 26, 1),
(721, 'Mansa', 26, 1),
(722, 'Moga', 26, 1),
(723, 'Mohali', 26, 1),
(724, 'Pathankot', 26, 1),
(725, 'Patiala', 26, 1),
(726, 'Phagwara', 26, 1),
(727, 'Rajpura', 26, 1),
(728, 'Rupnagar', 26, 1),
(729, 'Samana', 26, 1),
(730, 'Sangrur', 26, 1),
(731, 'Sirhind', 26, 1),
(732, 'Sunam', 26, 1),
(733, 'Tarn Taran', 26, 1),
(734, 'Ajmer', 27, 1),
(735, 'Alwar', 27, 1),
(736, 'Balotra', 27, 1),
(737, 'Banswara', 27, 1),
(738, 'Baran', 27, 1),
(739, 'Bari', 27, 1),
(740, 'Barmer', 27, 1),
(741, 'Beawar', 27, 1),
(742, 'Bharatpur', 27, 1),
(743, 'Bhilwara', 27, 1),
(744, 'Bhiwadi', 27, 1),
(745, 'Bikaner', 27, 1),
(746, 'Bundi', 27, 1),
(747, 'Chittaurgarh', 27, 1),
(748, 'Chomun', 27, 1),
(749, 'Churu', 27, 1),
(750, 'Daosa', 27, 1),
(751, 'Dhaulpur', 27, 1),
(752, 'Didwana', 27, 1),
(753, 'Fatehpur', 27, 1),
(754, 'Ganganagar', 27, 1),
(755, 'Gangapur', 27, 1),
(756, 'Hanumangarh', 27, 1),
(757, 'Hindaun', 27, 1),
(758, 'Jaipur', 27, 1),
(759, 'Jaisalmer', 27, 1),
(760, 'Jalor', 27, 1),
(761, 'Jhalawar', 27, 1),
(762, 'Jhunjhunun', 27, 1),
(763, 'Jodhpur', 27, 1),
(764, 'Karauli', 27, 1),
(765, 'Kishangarh', 27, 1),
(766, 'Kota', 27, 1),
(767, 'Kuchaman', 27, 1),
(768, 'Ladnun', 27, 1),
(769, 'Makrana', 27, 1),
(770, 'Nagaur', 27, 1),
(771, 'Nawalgarh', 27, 1),
(772, 'Nimbahera', 27, 1),
(773, 'Nokha', 27, 1),
(774, 'Pali', 27, 1),
(775, 'Rajsamand', 27, 1),
(776, 'Ratangarh', 27, 1),
(777, 'Sardarshahr', 27, 1),
(778, 'Sawai Madhopur', 27, 1),
(779, 'Sikar', 27, 1),
(780, 'Sujangarh', 27, 1),
(781, 'Suratgarh', 27, 1),
(782, 'Tonk', 27, 1),
(783, 'Udaipur', 27, 1),
(784, 'Alandur', 28, 1),
(785, 'Ambattur', 28, 1),
(786, 'Ambur', 28, 1),
(787, 'Arakonam', 28, 1),
(788, 'Arani', 28, 1),
(789, 'Aruppukkottai', 28, 1),
(790, 'Attur', 28, 1),
(791, 'Avadi', 28, 1),
(792, 'Avaniapuram', 28, 1),
(793, 'Bodinayakkanur', 28, 1),
(794, 'Chengalpattu', 28, 1),
(795, 'Dharapuram', 28, 1),
(796, 'Dharmapuri', 28, 1),
(797, 'Dindigul', 28, 1),
(798, 'Erode', 28, 1),
(799, 'Gopichettipalaiyam', 28, 1),
(800, 'Gudalur', 28, 1),
(801, 'Gudiyattam', 28, 1),
(802, 'Hosur', 28, 1),
(803, 'Idappadi', 28, 1),
(804, 'Kadayanallur', 28, 1),
(805, 'Kambam', 28, 1),
(806, 'Kanchipuram', 28, 1),
(807, 'Karur', 28, 1),
(808, 'Kavundampalaiyam', 28, 1),
(809, 'Kovilpatti', 28, 1),
(810, 'Koyampattur', 28, 1),
(811, 'Krishnagiri', 28, 1),
(812, 'Kumarapalaiyam', 28, 1),
(813, 'Kumbakonam', 28, 1),
(814, 'Kuniyamuthur', 28, 1),
(815, 'Kurichi', 28, 1),
(816, 'Madhavaram', 28, 1),
(817, 'Madras', 28, 1),
(818, 'Madurai', 28, 1),
(819, 'Maduravoyal', 28, 1),
(820, 'Mannargudi', 28, 1),
(821, 'Mayiladuthurai', 28, 1),
(822, 'Mettupalayam', 28, 1),
(823, 'Mettur', 28, 1),
(824, 'Nagapattinam', 28, 1),
(825, 'Nagercoil', 28, 1),
(826, 'Namakkal', 28, 1),
(827, 'Nerkunram', 28, 1),
(828, 'Neyveli', 28, 1),
(829, 'Pallavaram', 28, 1),
(830, 'Pammal', 28, 1),
(831, 'Pannuratti', 28, 1),
(832, 'Paramakkudi', 28, 1),
(833, 'Pattukkottai', 28, 1),
(834, 'Pollachi', 28, 1),
(835, 'Pudukkottai', 28, 1),
(836, 'Puliyankudi', 28, 1),
(837, 'Punamalli', 28, 1),
(838, 'Rajapalaiyam', 28, 1),
(839, 'Ramanathapuram', 28, 1),
(840, 'Salem', 28, 1),
(841, 'Sankarankoil', 28, 1),
(842, 'Sivakasi', 28, 1),
(843, 'Srivilliputtur', 28, 1),
(844, 'Tambaram', 28, 1),
(845, 'Tenkasi', 28, 1),
(846, 'Thanjavur', 28, 1),
(847, 'Theni Allinagaram', 28, 1),
(848, 'Thiruthangal', 28, 1),
(849, 'Thiruvarur', 28, 1),
(850, 'Thuthukkudi', 28, 1),
(851, 'Tindivanam', 28, 1),
(852, 'Tiruchchirappalli', 28, 1),
(853, 'Tiruchengode', 28, 1),
(854, 'Tirunelveli', 28, 1),
(855, 'Tirupathur', 28, 1),
(856, 'Tiruppur', 28, 1),
(857, 'Tiruvannamalai', 28, 1),
(858, 'Tiruvottiyur', 28, 1),
(859, 'Udagamandalam', 28, 1),
(860, 'Udumalaipettai', 28, 1),
(861, 'Valparai', 28, 1),
(862, 'Vaniyambadi', 28, 1),
(863, 'Velampalaiyam', 28, 1),
(864, 'Velluru', 28, 1),
(865, 'Viluppuram', 28, 1),
(866, 'Virappanchatram', 28, 1),
(867, 'Virudhachalam', 28, 1),
(868, 'Virudunagar', 28, 1),
(869, 'Agartala', 30, 1),
(870, 'Agartala MCl', 30, 1),
(871, 'Badharghat', 30, 1),
(872, 'Agra', 31, 1),
(873, 'Aligarh', 31, 1),
(874, 'Allahabad', 31, 1),
(875, 'Amroha', 31, 1),
(876, 'Aonla', 31, 1),
(877, 'Auraiya', 31, 1),
(878, 'Ayodhya', 31, 1),
(879, 'Azamgarh', 31, 1),
(880, 'Baheri', 31, 1),
(881, 'Bahraich', 31, 1),
(882, 'Ballia', 31, 1),
(883, 'Balrampur', 31, 1),
(884, 'Banda', 31, 1),
(885, 'Baraut', 31, 1),
(886, 'Bareli', 31, 1),
(887, 'Basti', 31, 1),
(888, 'Behta Hajipur', 31, 1),
(889, 'Bela', 31, 1),
(890, 'Bhadohi', 31, 1),
(891, 'Bijnor', 31, 1),
(892, 'Bisalpur', 31, 1),
(893, 'Biswan', 31, 1),
(894, 'Budaun', 31, 1),
(895, 'Bulandshahr', 31, 1),
(896, 'Chandausi', 31, 1),
(897, 'Chandpur', 31, 1),
(898, 'Chhibramau', 31, 1),
(899, 'Chitrakut Dham', 31, 1),
(900, 'Dadri', 31, 1),
(901, 'Deoband', 31, 1),
(902, 'Deoria', 31, 1),
(903, 'Etah', 31, 1),
(904, 'Etawah', 31, 1),
(905, 'Faizabad', 31, 1),
(906, 'Faridpur', 31, 1),
(907, 'Farrukhabad', 31, 1),
(908, 'Fatehpur', 31, 1),
(909, 'Firozabad', 31, 1),
(910, 'Gajraula', 31, 1),
(911, 'Ganga Ghat', 31, 1),
(912, 'Gangoh', 31, 1),
(913, 'Ghaziabad', 8, 1),
(914, 'Ghazipur', 31, 1),
(915, 'Gola Gokarannath', 31, 1),
(916, 'Gonda', 31, 1),
(917, 'Gorakhpur', 31, 1),
(918, 'Hapur', 31, 1),
(919, 'Hardoi', 31, 1),
(920, 'Hasanpur', 31, 1),
(921, 'Hathras', 31, 1),
(922, 'Jahangirabad', 31, 1),
(923, 'Jalaun', 31, 1),
(924, 'Jaunpur', 31, 1),
(925, 'Jhansi', 31, 1),
(926, 'Kadi', 31, 1),
(927, 'Kairana', 31, 1),
(928, 'Kannauj', 31, 1),
(929, 'Kanpur', 31, 1),
(930, 'Kanpur Cantonment', 31, 1),
(931, 'Kasganj', 31, 1),
(932, 'Khatauli', 31, 1),
(933, 'Khora', 31, 1),
(934, 'Khurja', 31, 1),
(935, 'Kiratpur', 31, 1),
(936, 'Kosi Kalan', 31, 1),
(937, 'Laharpur', 31, 1),
(938, 'Lakhimpur', 31, 1),
(939, 'Lakhnau', 31, 1),
(940, 'Lakhnau Cantonment', 31, 1),
(941, 'Lalitpur', 31, 1),
(942, 'Loni', 31, 1),
(943, 'Mahoba', 31, 1),
(944, 'Mainpuri', 31, 1),
(945, 'Mathura', 31, 1),
(946, 'Mau', 31, 1),
(947, 'Mauranipur', 31, 1),
(948, 'Mawana', 31, 1),
(949, 'Mirat', 31, 1),
(950, 'Mirat Cantonment', 31, 1),
(951, 'Mirzapur', 31, 1),
(952, 'Modinagar', 31, 1),
(953, 'Moradabad', 31, 1),
(954, 'Mubarakpur', 31, 1),
(955, 'Mughal Sarai', 31, 1),
(956, 'Muradnagar', 31, 1),
(957, 'Muzaffarnagar', 31, 1),
(958, 'Nagina', 31, 1),
(959, 'Najibabad', 31, 1),
(960, 'Nawabganj', 31, 1),
(961, 'Noida', 8, 1),
(962, 'Obra', 31, 1),
(963, 'Orai', 31, 1),
(964, 'Pilibhit', 31, 1),
(965, 'Pilkhuwa', 31, 1),
(966, 'Rae Bareli', 31, 1),
(967, 'Ramgarh Nagla Kothi', 31, 1),
(968, 'Rampur', 31, 1),
(969, 'Rath', 31, 1),
(970, 'Renukut', 31, 1),
(971, 'Saharanpur', 31, 1),
(972, 'Sahaswan', 31, 1),
(973, 'Sambhal', 31, 1),
(974, 'Sandila', 31, 1),
(975, 'Shahabad', 31, 1),
(976, 'Shahjahanpur', 31, 1),
(977, 'Shamli', 31, 1),
(978, 'Sherkot', 31, 1),
(979, 'Shikohabad', 31, 1),
(980, 'Sikandarabad', 31, 1),
(981, 'Sitapur', 31, 1),
(982, 'Sukhmalpur Nizamabad', 31, 1),
(983, 'Sultanpur', 31, 1),
(984, 'Tanda', 31, 1),
(985, 'Tilhar', 31, 1),
(986, 'Tundla', 31, 1),
(987, 'Ujhani', 31, 1),
(988, 'Unnao', 31, 1),
(989, 'Varanasi', 31, 1),
(990, 'Vrindavan', 31, 1),
(991, 'Dehra Dun', 32, 1),
(992, 'Dehra Dun Cantonment', 32, 1),
(993, 'Gola Range', 32, 1),
(994, 'Haldwani', 32, 1),
(995, 'Haridwar', 32, 1),
(996, 'Kashipur', 32, 1),
(997, 'Pithoragarh', 32, 1),
(998, 'Rishikesh', 32, 1),
(999, 'Rudrapur', 32, 1),
(1000, 'Rurki', 32, 1),
(1002, 'Lahore', 26, 1),
(1003, 'Gurgaon', 8, 1);

-- --------------------------------------------------------

--
-- Table structure for table `sb__locality`
--

CREATE TABLE IF NOT EXISTS `sb__locality` (
`id` int(9) NOT NULL,
  `city` int(9) NOT NULL,
  `locality` varchar(50) NOT NULL
) ENGINE=InnoDB  DEFAULT CHARSET=latin1 AUTO_INCREMENT=2626 ;

--
-- Dumping data for table `sb__locality`
--

INSERT INTO `sb__locality` (`id`, `city`, `locality`) VALUES
(1, 428, 'Whitefield'),
(2, 428, 'Indiranagar'),
(3, 428, 'Jayanagar'),
(4, 428, 'Marathahalli'),
(5, 428, 'MG Road'),
(6, 428, 'Koramangala'),
(7, 428, 'Electronics City'),
(8, 428, 'JP Nagar'),
(9, 428, 'Malleswaram'),
(10, 428, 'Rajajinagar'),
(11, 428, 'HSR Layout'),
(12, 428, 'Vijayanagar'),
(13, 428, 'Bannerghatta Road'),
(14, 428, 'Majestic'),
(15, 428, 'RT Nagar'),
(16, 428, 'HAL'),
(17, 428, 'Hebbal'),
(18, 428, 'KR Puram'),
(19, 428, 'Yelahanka'),
(20, 428, 'Banashankari'),
(21, 428, 'All Localities'),
(22, 428, 'Adugodi'),
(23, 428, 'Agara'),
(24, 428, 'Anekal'),
(25, 428, 'Arakere'),
(26, 428, 'Ashoknagar'),
(27, 428, 'Attibele'),
(28, 428, 'Austin Town'),
(29, 428, 'Avalahalli'),
(30, 428, 'BTM Layout'),
(31, 428, 'BTM Layout 1st Stage'),
(32, 428, 'BTM Layout 2nd Stage'),
(33, 428, 'Banashankari 1st Stage'),
(34, 428, 'Banashankari 2nd Stage'),
(35, 428, 'Banashankari 3rd Stage'),
(36, 428, 'Banaswadi'),
(37, 428, 'Bapujinagar'),
(38, 428, 'Basavanagudi'),
(39, 428, 'Basaveshwaranagar'),
(40, 428, 'Bellandur'),
(41, 428, 'Bestamaranahalli'),
(42, 428, 'Bidaraguppe'),
(43, 428, 'Bommanahalli'),
(44, 428, 'Brigade Road'),
(45, 428, 'Brookefield'),
(46, 428, 'Byatarayanapura'),
(47, 428, 'CV Raman Nagar'),
(48, 428, 'Chamarajpet'),
(49, 428, 'Chickpet'),
(50, 428, 'Chikkakallasandra'),
(51, 428, 'Cubbon Road'),
(52, 428, 'Cunningham Road'),
(53, 428, 'Dasarahalli'),
(54, 428, 'Deepanjalinagar'),
(55, 428, 'Devasandra'),
(56, 428, 'Dickenson Road'),
(57, 428, 'Domlur'),
(58, 428, 'Dommasandra'),
(59, 428, 'Doorvani Nagar'),
(60, 428, 'Frazer Town'),
(61, 428, 'Gandhinagar'),
(62, 428, 'Ganganagar'),
(63, 428, 'HAL 1st Stage'),
(64, 428, 'HAL 2nd Stage'),
(65, 428, 'HAL 3rd Stage'),
(66, 428, 'HBR Layout'),
(67, 428, 'HRBR Layout'),
(68, 428, 'Handenahalli'),
(69, 428, 'Harogadde'),
(70, 428, 'Hebbal Kempapura'),
(71, 428, 'Hennagara'),
(72, 428, 'Hesaraghatta'),
(73, 428, 'Horamavu'),
(74, 428, 'Hosakerehalli'),
(75, 428, 'Hosur Road'),
(76, 428, 'Hulimangala'),
(77, 428, 'Indalavadi'),
(78, 428, 'JP Nagar 1 Phase'),
(79, 428, 'JP Nagar 2 Phase'),
(80, 428, 'JP Nagar 3 Phase'),
(81, 428, 'JP Nagar 4 Phase'),
(82, 428, 'JP Nagar 5 Phase'),
(83, 428, 'JP Nagar 6 Phase'),
(84, 428, 'JP Nagar 7 Phase'),
(85, 428, 'JP Nagar 8 Phase'),
(86, 428, 'JP Nagar 9 Phase'),
(87, 428, 'Jakkasandra'),
(88, 428, 'Jakkur'),
(89, 428, 'Jalahalli'),
(90, 428, 'Jayamahal'),
(91, 428, 'Jayanagar 1 Block'),
(92, 428, 'Jayanagar 2 Block'),
(93, 428, 'Jayanagar 3 Block'),
(94, 428, 'Jayanagar 4 Block'),
(95, 428, 'Jayanagar 5 Block'),
(96, 428, 'Jayanagar 6 Block'),
(97, 428, 'Jayanagar 7 Block'),
(98, 428, 'Jayanagar 8 Block'),
(99, 428, 'Jayanagar 9 Block'),
(100, 428, 'Jeevanbhimanagar'),
(101, 428, 'Jigani'),
(102, 428, 'Jnanabharathi'),
(103, 428, 'K R Market'),
(104, 428, 'KG Road'),
(105, 428, 'KH Road'),
(106, 428, 'KR Road'),
(107, 428, 'Kadugodi'),
(108, 428, 'Kaggadasapura'),
(109, 428, 'Kalkere'),
(110, 428, 'Kalyan Nagar'),
(111, 428, 'Kamakshipalya'),
(112, 428, 'Kammana Halli'),
(113, 428, 'Kanakpura Road'),
(114, 428, 'Kasturba Road'),
(115, 428, 'Kasturi nagar'),
(116, 428, 'Kavalbyrasandra'),
(117, 428, 'Kempegowda Nagar'),
(118, 428, 'Kengeri'),
(119, 428, 'Kodigehalli'),
(120, 428, 'Konanakunte'),
(121, 428, 'Koramangala 1 Block'),
(122, 428, 'Koramangala 2 Block'),
(123, 428, 'Koramangala 3 Block'),
(124, 428, 'Koramangala 4 Block'),
(125, 428, 'Koramangala 5 Block'),
(126, 428, 'Koramangala 6 Block'),
(127, 428, 'Koramangala 7 Block'),
(128, 428, 'Koramangala 8 Block'),
(129, 428, 'Koramangala 9 Block'),
(130, 428, 'Kothanur'),
(131, 428, 'Kugur'),
(132, 428, 'Kumara Park West'),
(133, 428, 'Kumaraswamy Layout'),
(134, 428, 'Kundalahalli'),
(135, 428, 'Langford Road'),
(136, 428, 'Lingarajapuram'),
(137, 428, 'Madiwala'),
(138, 428, 'Magadi Road'),
(139, 428, 'Magrath Road'),
(140, 428, 'Mahadevapura'),
(141, 428, 'Mahalakshmipuram'),
(142, 428, 'Mallathahalli'),
(143, 428, 'Marsur'),
(144, 428, 'Mathikere'),
(145, 428, 'Mayasandra'),
(146, 428, 'Millers Road'),
(147, 428, 'Mission Road'),
(148, 428, 'Museum Road'),
(149, 428, 'Nagarbhavi'),
(150, 428, 'Nandini Layout'),
(151, 428, 'Narayanapura'),
(152, 428, 'Nayandahalli'),
(153, 428, 'Neelasandra'),
(154, 428, 'Neralur'),
(155, 428, 'New BEL Road'),
(156, 428, 'New Thippasandra'),
(157, 428, 'Old Airport Road'),
(158, 428, 'Old Madras Road'),
(159, 428, 'Outer Ring Road'),
(160, 428, 'Padmanabhanagar'),
(161, 428, 'Peenya'),
(162, 428, 'Puttenahalli'),
(163, 428, 'RMV 2nd Stage'),
(164, 428, 'RMV Extension'),
(165, 428, 'Race Course Road'),
(166, 428, 'Rajarajeshwarinagar'),
(167, 428, 'Ramamurthy Nagar'),
(168, 428, 'Residency Road'),
(169, 428, 'Richards Town'),
(170, 428, 'Richmond Town'),
(171, 428, 'Sadashivanagar'),
(172, 428, 'Sahakaranagar'),
(173, 428, 'Samandur'),
(174, 428, 'Sampangiramnagar'),
(175, 428, 'Sanjay Nagar'),
(176, 428, 'Sankey Road'),
(177, 428, 'Sarjapur Road'),
(178, 428, 'Sarjapura'),
(179, 428, 'Seshadripuram'),
(180, 428, 'Shantinagar'),
(181, 428, 'Shivajinagar'),
(182, 428, 'Sidihoskote'),
(183, 428, 'Singasandra'),
(184, 428, 'Srirampuram'),
(185, 428, 'St.Johns Road'),
(186, 428, 'St.Marks road'),
(187, 428, 'Sunkadakatte'),
(188, 428, 'Thammanayakanahalli'),
(189, 428, 'Tilaknagar'),
(190, 428, 'Ullal Upanagara'),
(191, 428, 'Ulsoor'),
(192, 428, 'Uttarahalli'),
(193, 428, 'VV Puram'),
(194, 428, 'Vanakanahalli'),
(195, 428, 'Varthur'),
(196, 428, 'Vasanthnagar'),
(197, 428, 'Vidyanagar'),
(198, 428, 'Vidyaranyapura'),
(199, 428, 'Viveknagar'),
(200, 428, 'West Of Chord Road'),
(201, 428, 'Wheelers Road (Cooke Town)'),
(202, 428, 'Wilson Garden'),
(203, 428, 'Yadavanahalli'),
(204, 428, 'Yeshwanthpur'),
(205, 278, 'Dwarka'),
(206, 278, 'Rohini'),
(207, 278, 'Delhi Cantt'),
(208, 278, 'Connaught Place'),
(209, 278, 'Laxmi Nagar'),
(210, 278, 'Nehru Place'),
(211, 278, 'Saket'),
(212, 278, 'Vasant Kunj'),
(213, 278, 'Karol Bagh'),
(214, 278, 'Pitampura'),
(215, 278, 'Indraprastha'),
(216, 278, 'Janak Puri'),
(217, 278, 'Lajpat Nagar'),
(218, 278, 'Okhla'),
(219, 278, 'Malviya Nagar'),
(220, 278, 'Paschim Vihar'),
(221, 278, 'Patel Nagar'),
(222, 278, 'Anand Vihar'),
(223, 278, 'Kalkaji'),
(224, 278, 'All Localities'),
(225, 278, '505 A B Workshop'),
(226, 278, 'A F Palam'),
(227, 278, 'A F Rajokari'),
(228, 278, 'A.K.Market'),
(229, 278, 'Adarsh Nagar'),
(230, 278, 'Air Force Station Tugalkabad'),
(231, 278, 'Alaknanda'),
(232, 278, 'Ali'),
(233, 278, 'Ali Pur'),
(234, 278, 'Alipur'),
(235, 278, 'Ambedkar Nagar'),
(236, 278, 'Amberhai'),
(237, 278, 'Anand Niketan'),
(238, 278, 'Anand Parbat'),
(239, 278, 'Anand Parbat Indl. Area'),
(240, 278, 'Ansari Nagar'),
(241, 278, 'Aps Colony'),
(242, 278, 'Ardee City'),
(243, 278, 'Arjun Nagar'),
(244, 278, 'Ashok Vihar'),
(245, 278, 'Ashok Vihar Phase 1'),
(246, 278, 'Ashok Vihar Phase 2'),
(247, 278, 'Ashok Vihar Phase 3'),
(248, 278, 'Ashok Vihar Phase 4'),
(249, 278, 'Ashoka Park Extn.'),
(250, 278, 'Ashoka Road'),
(251, 278, 'Auchandi'),
(252, 278, 'August Kranti Marg'),
(253, 278, 'Aya Nagar'),
(254, 278, 'Azadpur'),
(255, 278, 'B.S.E.S. Nehru Place'),
(256, 278, 'BTPS'),
(257, 278, 'Badarpur'),
(258, 278, 'Badli'),
(259, 278, 'Bagrola'),
(260, 278, 'Bakhtawar Pur'),
(261, 278, 'Bakkarwala'),
(262, 278, 'Bakoli'),
(263, 278, 'Balbir Nagar'),
(264, 278, 'Bankner'),
(265, 278, 'Baprola'),
(266, 278, 'Baroda House'),
(267, 278, 'Barthal'),
(268, 278, 'Bawana'),
(269, 278, 'Bhajanpura'),
(270, 278, 'Bhalaswa'),
(271, 278, 'Bharat Nagar'),
(272, 278, 'Bharti Nagar'),
(273, 278, 'Bhogal'),
(274, 278, 'Bhorgarh'),
(275, 278, 'Bijwasan'),
(276, 278, 'Bsf Camp Tigri'),
(277, 278, 'Burari'),
(278, 278, 'C G O Complex'),
(279, 278, 'C R R I'),
(280, 278, 'C.C.I.'),
(281, 278, 'C.S.K.M. School'),
(282, 278, 'C.V.D.'),
(283, 278, 'CAG, B.S.Z. Marg'),
(284, 278, 'CBSE, Preet Vihar'),
(285, 278, 'COD'),
(286, 278, 'CR Park'),
(287, 278, 'CRPF Jharoda Kalan'),
(288, 278, 'Central Revenue Bldg'),
(289, 278, 'Central Social Welfare Board'),
(290, 278, 'Chanakyapuri'),
(291, 278, 'Chand Pur'),
(292, 278, 'Chandni Chowk'),
(293, 278, 'Chattarpur'),
(294, 278, 'Chawri Bazar'),
(295, 278, 'Chhawla'),
(296, 278, 'Chittranjan Park'),
(297, 278, 'Civil Lines'),
(298, 278, 'Constitution House'),
(299, 278, 'Council ICSE Board, Pragari House'),
(300, 278, 'D C Goyla'),
(301, 278, 'D C Nangli Sakravati'),
(302, 278, 'DAP Bldg'),
(303, 278, 'DSSSB'),
(304, 278, 'Dabrivillage'),
(305, 278, 'Dak Bhawan'),
(306, 278, 'Dareeba'),
(307, 278, 'Dargah Sharif'),
(308, 278, 'Darya Ganj'),
(309, 278, 'Daulatpur'),
(310, 278, 'Dayalpur'),
(311, 278, 'Defence Colony'),
(312, 278, 'Delhi'),
(313, 278, 'Delhi Engg. College'),
(314, 278, 'Delhi High Court'),
(315, 278, 'Delhi Secretariate'),
(316, 278, 'Deoli'),
(317, 278, 'Dera'),
(318, 278, 'Dhansa'),
(319, 278, 'Dhaula Kuan'),
(320, 278, 'Dhulsiras'),
(321, 278, 'Dichaoal Kalan'),
(322, 278, 'Dilshad Garden'),
(323, 278, 'Dindarpur'),
(324, 278, 'Distt Courts'),
(325, 278, 'Distt. Court'),
(326, 278, 'Dr.Mukerjee Nagar'),
(327, 278, 'Dulsiras'),
(328, 278, 'East Of Kailash'),
(329, 278, 'Election Commission'),
(330, 278, 'Fatehpur Beri'),
(331, 278, 'G.T.B. Hospital'),
(332, 278, 'G.T.B.Nagar'),
(333, 278, 'Gadaipur'),
(334, 278, 'Galib Pur'),
(335, 278, 'Gandhi Nagar'),
(336, 278, 'Ganesh Nagar'),
(337, 278, 'Gautam Nagar'),
(338, 278, 'Geeta Colony'),
(339, 278, 'Ghazipur'),
(340, 278, 'Gheora'),
(341, 278, 'Ghitorni'),
(342, 278, 'Ghoga'),
(343, 278, 'Ghuman Hera'),
(344, 278, 'Goverdhan Bihari Colony'),
(345, 278, 'Govindpuri'),
(346, 278, 'Greater Kailash'),
(347, 278, 'Greater Kailash Part I'),
(348, 278, 'Greater Kailash Part II'),
(349, 278, 'Greater Kailash Part III'),
(350, 278, 'Green Park'),
(351, 278, 'Gujranwala Town'),
(352, 278, 'Gulabi Bagh'),
(353, 278, 'Gulmohar Park'),
(354, 278, 'Gurgaon Road'),
(355, 278, 'Guru Govind Singh, I.P.University, K.Gat'),
(356, 278, 'H.S.Sangh'),
(357, 278, 'H.T.Media Hindustan Times House'),
(358, 278, 'Hari Nagar'),
(359, 278, 'Hari Nagar Ashram'),
(360, 278, 'Harsh Vihar'),
(361, 278, 'Hauz Khas'),
(362, 278, 'Hazrat Nizamuddin'),
(363, 278, 'Helpage India C-14,Qutab Institutional A'),
(364, 278, 'Holambi Kalan'),
(365, 278, 'I.T.O'),
(366, 278, 'ICAI, IP Estate'),
(367, 278, 'IGI Airport'),
(368, 278, 'IGNOU New Delhi'),
(369, 278, 'IP Estate'),
(370, 278, 'IP Extension'),
(371, 278, 'IT Hauz Khas'),
(372, 278, 'Ignou'),
(373, 278, 'Inderlok'),
(374, 278, 'Inderpuri'),
(375, 278, 'Indira Park'),
(376, 278, 'Issapur'),
(377, 278, 'J.N.U.'),
(378, 278, 'JNU New Campus'),
(379, 278, 'Jafarpur'),
(380, 278, 'Jagatpuri'),
(381, 278, 'Jahangir Puri D Block'),
(382, 278, 'Jahangir Puri H Block'),
(383, 278, 'Jahangirpuri'),
(384, 278, 'Jaitpur'),
(385, 278, 'Jangpura'),
(386, 278, 'Jasola'),
(387, 278, 'Jat Khore'),
(388, 278, 'Jaunapur'),
(389, 278, 'Jaunti'),
(390, 278, 'Jeevan Park'),
(391, 278, 'Jhandewalan'),
(392, 278, 'Jharoda Kalan'),
(393, 278, 'Jhatikara'),
(394, 278, 'Jheel Khurenja'),
(395, 278, 'Jor Bagh'),
(396, 278, 'Kadipur'),
(397, 278, 'Kailash Colony'),
(398, 278, 'Kailash Nagar'),
(399, 278, 'Kair'),
(400, 278, 'Kalindi Kunj'),
(401, 278, 'Kalu Sarai'),
(402, 278, 'Kalyan Vihar'),
(403, 278, 'Kamla Nagar'),
(404, 278, 'Kangan Heri'),
(405, 278, 'Kanya Gurukul'),
(406, 278, 'Kapashera'),
(407, 278, 'Karampura'),
(408, 278, 'Karawal Nagar'),
(409, 278, 'Karkardooma'),
(410, 278, 'Kashmiri Gate'),
(411, 278, 'Katewara'),
(412, 278, 'Katwaria Sarai'),
(413, 278, 'Kendriya Vidyalaya Sangthan'),
(414, 278, 'Keshav Puram'),
(415, 278, 'Khaira'),
(416, 278, 'Khan Market'),
(417, 278, 'Khanpur'),
(418, 278, 'Khera Khurd'),
(419, 278, 'Kidwai Nagar East'),
(420, 278, 'Kidwai Nagar West'),
(421, 278, 'Kilokri'),
(422, 278, 'Kingsway Camp'),
(423, 278, 'Kirby Place'),
(424, 278, 'Kirti Nagar'),
(425, 278, 'Kishangarh'),
(426, 278, 'Kondli'),
(427, 278, 'Krishi Bhawan'),
(428, 278, 'Krishna Nagar'),
(429, 278, 'Lad Pur'),
(430, 278, 'Lado Sarai'),
(431, 278, 'Lajpat Rai Market'),
(432, 278, 'Lampur'),
(433, 278, 'Laxmi Bai Nagar'),
(434, 278, 'Lodhi Colony'),
(435, 278, 'Lodi Road'),
(436, 278, 'Lok Nayak Bhawan'),
(437, 278, 'Loni'),
(438, 278, 'MMTC/STC Colony'),
(439, 278, 'MTNL, Nehru Place'),
(440, 278, 'Madangir'),
(441, 278, 'Madhu Vihar'),
(442, 278, 'Madipur'),
(443, 278, 'Mahavir Enclave'),
(444, 278, 'Mahipalpur'),
(445, 278, 'Majra Dabas'),
(446, 278, 'Mandi House'),
(447, 278, 'Mandir Marg'),
(448, 278, 'Mandoli'),
(449, 278, 'Manesar'),
(450, 278, 'Mangolpuri'),
(451, 278, 'Mansarover Garden'),
(452, 278, 'Masood Pur'),
(453, 278, 'Master Prithvi Nath Marg'),
(454, 278, 'Matiala'),
(455, 278, 'Maujpur'),
(456, 278, 'Maya Puri'),
(457, 278, 'Mayur Vihar'),
(458, 278, 'Mayur Vihar Ph-I'),
(459, 278, 'Mayur Vihar Ph-II'),
(460, 278, 'Mayur Vihar Ph-III'),
(461, 278, 'Meera Bagh'),
(462, 278, 'Mehrauli'),
(463, 278, 'Ministry of Environment & forest, B, Blo'),
(464, 278, 'Minto Road'),
(465, 278, 'Mitraon'),
(466, 278, 'Model Town'),
(467, 278, 'Model Town I'),
(468, 278, 'Model Town II'),
(469, 278, 'Model Town III'),
(470, 278, 'Mohan Garden'),
(471, 278, 'Molarband'),
(472, 278, 'Moti Bagh'),
(473, 278, 'Moti Nagar'),
(474, 278, 'Mubarak Pur Dabas'),
(475, 278, 'Mukherjee Nagar'),
(476, 278, 'Mukhmelpur'),
(477, 278, 'Multani Dhanda'),
(478, 278, 'Mundka'),
(479, 278, 'Munirka'),
(480, 278, 'N.S.Mandi'),
(481, 278, 'NIE Campus'),
(482, 278, 'Najafgarh'),
(483, 278, 'Nanakpura'),
(484, 278, 'Nand Nagri'),
(485, 278, 'Nangal Poona'),
(486, 278, 'Nangal Thakran'),
(487, 278, 'Nangloi'),
(488, 278, 'Naraina Vihar'),
(489, 278, 'Narela'),
(490, 278, 'Narela Town'),
(491, 278, 'National Physical Laboratory'),
(492, 278, 'Neb Sarai'),
(493, 278, 'Netaji Nagar'),
(494, 278, 'New Delhi'),
(495, 278, 'New Friends Colony'),
(496, 278, 'New Rajendra Nagar'),
(497, 278, 'New Seemapuri'),
(498, 278, 'Nirman Bhawan'),
(499, 278, 'Nirman Vihar'),
(500, 278, 'Nizampur'),
(501, 278, 'Okhla Industrial Estate'),
(502, 278, 'Old Rajendra Nagar'),
(503, 278, 'Pahar Ganj'),
(504, 278, 'Palam Airport'),
(505, 278, 'Palam Village'),
(506, 278, 'Palla'),
(507, 278, 'Panchsheel Enclave'),
(508, 278, 'Panchsheel Park'),
(509, 278, 'Pandara Road'),
(510, 278, 'Pandav Nagar'),
(511, 278, 'Pandwala Kalan'),
(512, 278, 'Parliament House'),
(513, 278, 'Parliament Street'),
(514, 278, 'Patel Nagar East'),
(515, 278, 'Patel Nagar South'),
(516, 278, 'Patel Nagar West'),
(517, 278, 'Patiala House'),
(518, 278, 'Patparganj'),
(519, 278, 'Patrachar Vidyalay'),
(520, 278, 'Peeragarhi'),
(521, 278, 'Police Head Quarters'),
(522, 278, 'Pooth Kalan Resettlement'),
(523, 278, 'Pooth Khurd'),
(524, 278, 'Power House'),
(525, 278, 'Pragati Maidan'),
(526, 278, 'Pragati Vihar'),
(527, 278, 'Prashant Vihar'),
(528, 278, 'Pratap Nagar'),
(529, 278, 'Preet Vihar'),
(530, 278, 'Prem Nagar'),
(531, 278, 'Prime Minister Of India'),
(532, 278, 'Pul Pahladpur'),
(533, 278, 'Punjab Khor'),
(534, 278, 'Punjabi Bagh'),
(535, 278, 'Pusa Road'),
(536, 278, 'Qutab Institutional Area'),
(537, 278, 'Qutabagarh'),
(538, 278, 'R.C.A.O.'),
(539, 278, 'RK Puram'),
(540, 278, 'RPF/EPF, Skylark bldg'),
(541, 278, 'Rail Bhawan'),
(542, 278, 'Raj Nagar - II'),
(543, 278, 'Raja Garden'),
(544, 278, 'Rajendra Nagar'),
(545, 278, 'Rajghat Power House'),
(546, 278, 'Rajokari'),
(547, 278, 'Rajouri Garden'),
(548, 278, 'Ram Nagar'),
(549, 278, 'Ramesh Nagar'),
(550, 278, 'Rana Pratap Bagh'),
(551, 278, 'Rangpuri'),
(552, 278, 'Rani Bagh'),
(553, 278, 'Rani Khera'),
(554, 278, 'Ranjit Nagar'),
(555, 278, 'Raota'),
(556, 278, 'Rashtrapati Bhawan'),
(557, 278, 'Registrar of Companies, IFCI Tower'),
(558, 278, 'Rithala'),
(559, 278, 'Rohini Courts'),
(560, 278, 'Roop Nagar'),
(561, 278, 'S.T. Road'),
(562, 278, 'SSC, CGO Complex'),
(563, 278, 'Sabhapur'),
(564, 278, 'Sadar Bazar'),
(565, 278, 'Safdarjung Development Area'),
(566, 278, 'Safdarjung Enclave'),
(567, 278, 'Sagarpur'),
(568, 278, 'Sahibabad'),
(569, 278, 'Sahpurjat'),
(570, 278, 'Sainik Farm'),
(571, 278, 'Sanchar Bhawan'),
(572, 278, 'Sangam Vihar'),
(573, 278, 'Sansad Marg'),
(574, 278, 'Sansadiya Soudh'),
(575, 278, 'Sant Nagar'),
(576, 278, 'Sarai Rohilla'),
(577, 278, 'Saraswati Vihar'),
(578, 278, 'Sarita Vihar'),
(579, 278, 'Sarojini Nagar'),
(580, 278, 'Sarvapriya Vihar'),
(581, 278, 'Sat Nagar'),
(582, 278, 'Satya Niketan'),
(583, 278, 'Secretariat North'),
(584, 278, 'Sena Bhawan'),
(585, 278, 'Shadipur'),
(586, 278, 'Shahdara'),
(587, 278, 'Shakarpur'),
(588, 278, 'Shakti Nagar'),
(589, 278, 'Shakurpur'),
(590, 278, 'Shalimar Bagh'),
(591, 278, 'Shankar Nagar'),
(592, 278, 'Shanti Niketan'),
(593, 278, 'Shastri Bhawan'),
(594, 278, 'Shastri Nagar'),
(595, 278, 'Sheikh Sarai'),
(596, 278, 'Shiv Puri'),
(597, 278, 'Shivaji Park'),
(598, 278, 'Shivalik'),
(599, 278, 'Sidhartha Nagar'),
(600, 278, 'Singhu'),
(601, 278, 'Sonia Vihar'),
(602, 278, 'South Extension'),
(603, 278, 'South Extension 1'),
(604, 278, 'South Extension 2'),
(605, 278, 'South Malviya Nagar'),
(606, 278, 'Sri Nagar Colony'),
(607, 278, 'Sriniwaspuri'),
(608, 278, 'Subhash Nagar'),
(609, 278, 'Subroto Park'),
(610, 278, 'Subzi Mandi'),
(611, 278, 'Sukhdev Vihar'),
(612, 278, 'Sultanpur'),
(613, 278, 'Sultanpuri'),
(614, 278, 'Sunder Nagar'),
(615, 278, 'Supreme Court'),
(616, 278, 'Surajkund'),
(617, 278, 'Surajmal Vihar'),
(618, 278, 'Swami Ram Tirth Nagar'),
(619, 278, 'Swasthya Vihar'),
(620, 278, 'Tagore Garden'),
(621, 278, 'Tajpur Kalan'),
(622, 278, 'Telewara'),
(623, 278, 'Tilak Nagar'),
(624, 278, 'Timarpur'),
(625, 278, 'Times of India, BSZ marg'),
(626, 278, 'Tis Hazari'),
(627, 278, 'Tri Nagar'),
(628, 278, 'Tugalkabad Railway Colony'),
(629, 278, 'Tuglakabad'),
(630, 278, 'Udyog Bhawan'),
(631, 278, 'Union Public Service Commissio'),
(632, 278, 'Uttam Nagar'),
(633, 278, 'V.K. Nagar'),
(634, 278, 'Vasant Vihar'),
(635, 278, 'Vasundhra Enclave'),
(636, 278, 'Vidhan Sabha'),
(637, 278, 'Vigyan Vihar'),
(638, 278, 'Vijay Nagar'),
(639, 278, 'Vikas Nagar'),
(640, 278, 'Vikas Puri'),
(641, 278, 'Vishnu Garden'),
(642, 278, 'Vishwas Nagar'),
(643, 278, 'Vivek Vihar'),
(644, 278, 'Wazir Pur III'),
(645, 278, 'Wazirabad'),
(646, 278, 'Yamuna Vihar'),
(647, 278, 'Yojana Vihar'),
(648, 278, 'Yojna Vihar'),
(649, 278, 'Yusuf Sarai'),
(650, 278, 'Zakir Nagar'),
(651, 596, 'Andheri'),
(652, 596, 'Bandra'),
(653, 596, 'Powai'),
(654, 596, 'Dadar'),
(655, 596, 'Andheri East'),
(656, 596, 'Fort'),
(657, 596, 'Goregaon'),
(658, 596, 'Malad'),
(659, 596, 'Borivali'),
(660, 596, 'Juhu'),
(661, 596, 'Chembur'),
(662, 596, 'Kurla'),
(663, 596, 'Parel'),
(664, 596, 'Colaba'),
(665, 596, 'Kalina'),
(666, 596, 'Kandivali'),
(667, 596, 'Santacruz'),
(668, 596, 'Worli'),
(669, 596, 'Mahalaxmi'),
(670, 596, 'Mulund'),
(671, 596, 'All Localities'),
(672, 596, 'Agripada'),
(673, 596, 'Amboli'),
(674, 596, 'Andheri Kurla Road'),
(675, 596, 'Andheri West'),
(676, 596, 'Antop Hill'),
(677, 596, 'Anushakti Nagar'),
(678, 596, 'Azad Nagar'),
(679, 596, 'Ballard Estate'),
(680, 596, 'Bandra East'),
(681, 596, 'Bandra West'),
(682, 596, 'Bhandup'),
(683, 596, 'Bhandup East'),
(684, 596, 'Bhandup West'),
(685, 596, 'Bhayandar'),
(686, 596, 'Bhayandar East'),
(687, 596, 'Bhayandar West'),
(688, 596, 'Bhiwandi'),
(689, 596, 'Bhuleshwar'),
(690, 596, 'Borivali East'),
(691, 596, 'Borivali West'),
(692, 596, 'Breach Candy'),
(693, 596, 'Byculla'),
(694, 596, 'CST'),
(695, 596, 'Chakala'),
(696, 596, 'Chandivali'),
(697, 596, 'Charkop'),
(698, 596, 'Charni Road'),
(699, 596, 'Chembur East'),
(700, 596, 'Chembur West'),
(701, 596, 'Chinchbunder'),
(702, 596, 'Chinchpokli'),
(703, 596, 'Chunabhatti'),
(704, 596, 'Churchgate'),
(705, 596, 'Cotton Green'),
(706, 596, 'Cuffe Parade'),
(707, 596, 'Cumballa Hill'),
(708, 596, 'DN Road'),
(709, 596, 'Dadar East'),
(710, 596, 'Dadar West'),
(711, 596, 'Dahisar'),
(712, 596, 'Dahisar East'),
(713, 596, 'Dahisar West'),
(714, 596, 'Deonar'),
(715, 596, 'Dharavi'),
(716, 596, 'Dhobi Talao'),
(717, 596, 'Dockyard Road'),
(718, 596, 'Dombivli East'),
(719, 596, 'Dongri'),
(720, 596, 'Elphinstone Road'),
(721, 596, 'Gamdevi'),
(722, 596, 'Ghatkopar'),
(723, 596, 'Ghatkopar East'),
(724, 596, 'Ghatkopar West'),
(725, 596, 'Girgaon'),
(726, 596, 'Gorai'),
(727, 596, 'Goregaon East'),
(728, 596, 'Goregaon West'),
(729, 596, 'Govandi'),
(730, 596, 'Grant Road'),
(731, 596, 'Hajiali'),
(732, 596, 'Hanuman Road'),
(733, 596, 'JB Nagar'),
(734, 596, 'Jacob Circle'),
(735, 596, 'Jogeshwari'),
(736, 596, 'Jogeshwari East'),
(737, 596, 'Jogeshwari West'),
(738, 596, 'Kala Ghoda'),
(739, 596, 'Kalbadevi'),
(740, 596, 'Kandivali East'),
(741, 596, 'Kandivali West'),
(742, 596, 'Kanjurmarg'),
(743, 596, 'Kemps Corner'),
(744, 596, 'Khar'),
(745, 596, 'Khar East'),
(746, 596, 'Khar West'),
(747, 596, 'Kharodi'),
(748, 596, 'Khetwadi'),
(749, 596, 'Kidwai Nagar'),
(750, 596, 'Kings Circle'),
(751, 596, 'Kurla East'),
(752, 596, 'Kurla West'),
(753, 596, 'LBS Marg'),
(754, 596, 'Lal baug'),
(755, 596, 'Lamington Road'),
(756, 596, 'Link Road'),
(757, 596, 'Linking Road'),
(758, 596, 'Lokhandwala'),
(759, 596, 'Lower Parel'),
(760, 596, 'MG Road'),
(761, 596, 'Mahakali Caves Road'),
(762, 596, 'Mahim'),
(763, 596, 'Malabar Hill'),
(764, 596, 'Malad East'),
(765, 596, 'Malad West'),
(766, 596, 'Mandapeshwar'),
(767, 596, 'Mandvi'),
(768, 596, 'Mankhurd'),
(769, 596, 'Marine Drive'),
(770, 596, 'Marine Lines'),
(771, 596, 'Marol'),
(772, 596, 'Marve'),
(773, 596, 'Masjid Bunder'),
(774, 596, 'Matunga'),
(775, 596, 'Matunga East'),
(776, 596, 'Matunga West'),
(777, 596, 'Mazgaon'),
(778, 596, 'Mira Road'),
(779, 596, 'Mohammed Ali Road'),
(780, 596, 'Mulund East'),
(781, 596, 'Mulund West'),
(782, 596, 'Mumbai'),
(783, 596, 'Mumbai Central'),
(784, 596, 'Nagpada'),
(785, 596, 'Naigaon'),
(786, 596, 'Nalasopara'),
(787, 596, 'Nalasopara East'),
(788, 596, 'Nalasopara West'),
(789, 596, 'Nana Chowk'),
(790, 596, 'Nariman Point'),
(791, 596, 'New Link Road'),
(792, 596, 'Opera House'),
(793, 596, 'Oshiwara'),
(794, 596, 'Palghar'),
(795, 596, 'Pant Nagar'),
(796, 596, 'Peddar Road'),
(797, 596, 'Pedder Road'),
(798, 596, 'Prabhadevi'),
(799, 596, 'Pydhonie'),
(800, 596, 'SV Road'),
(801, 596, 'Saki Vihar Road'),
(802, 596, 'Sakinaka'),
(803, 596, 'Santacruz East'),
(804, 596, 'Santacruz West'),
(805, 596, 'Senapati Bapat Marg'),
(806, 596, 'Sewri'),
(807, 596, 'Shivaji Park'),
(808, 596, 'Sion'),
(809, 596, 'Sion East'),
(810, 596, 'Sion West'),
(811, 596, 'Tank Road'),
(812, 596, 'Tardeo'),
(813, 596, 'Thakurdwar'),
(814, 596, 'Tilak Nagar'),
(815, 596, 'Trombay'),
(816, 596, 'Tulsiwadi'),
(817, 596, 'Umerkhadi'),
(818, 596, 'Uran'),
(819, 596, 'Vakola'),
(820, 596, 'Versova'),
(821, 596, 'Vidyavihar'),
(822, 596, 'Vikhroli'),
(823, 596, 'Vikhroli East'),
(824, 596, 'Vikhroli West'),
(825, 596, 'Vileparle'),
(826, 596, 'Vileparle East'),
(827, 596, 'Vileparle West'),
(828, 596, 'Virar'),
(829, 596, 'Virar East'),
(830, 596, 'Virar West'),
(831, 596, 'Wadala'),
(832, 596, 'Walkeshwar'),
(833, 29, 'Ameerpet'),
(834, 29, 'Banjara Hills'),
(835, 29, 'Kukatpally'),
(836, 29, 'Madhapur'),
(837, 29, 'Begumpet'),
(838, 29, 'Secunderabad'),
(839, 29, 'Gachibowli'),
(840, 29, 'Hitech City'),
(841, 29, 'Jubilee Hills'),
(842, 29, 'KPHB'),
(843, 29, 'Kondapur'),
(844, 29, 'Miyapur'),
(845, 29, 'Abids'),
(846, 29, 'Uppal'),
(847, 29, 'Lingampally'),
(848, 29, 'Somajiguda'),
(849, 29, 'SR Nagar'),
(850, 29, 'Dilsukh Nagar'),
(851, 29, 'Himayat Nagar'),
(852, 29, 'All Localities'),
(853, 29, 'A G Colony'),
(854, 29, 'AG Colony'),
(855, 29, 'AS Rao Nagar'),
(856, 29, 'Adarsh Nagar'),
(857, 29, 'Afzalgunj'),
(858, 29, 'Alwal'),
(859, 29, 'Amberpet'),
(860, 29, 'Ashok Nagar'),
(861, 29, 'Asif Nagar'),
(862, 29, 'Attapur'),
(863, 29, 'Auto Nagar'),
(864, 29, 'BHEL'),
(865, 29, 'Baghlingampally'),
(866, 29, 'Bahadurpura'),
(867, 29, 'Balanagar'),
(868, 29, 'Balapur'),
(869, 29, 'Balkampet'),
(870, 29, 'Bandlaguda'),
(871, 29, 'Barkatpura'),
(872, 29, 'Basheerbagh'),
(873, 29, 'Begum Bazar'),
(874, 29, 'Bogaram'),
(875, 29, 'Bolarum'),
(876, 29, 'Borabanda'),
(877, 29, 'Bowenpally'),
(878, 29, 'Champapet'),
(879, 29, 'Chanchalguda'),
(880, 29, 'Chanda Nagar'),
(881, 29, 'Chandrayangutta'),
(882, 29, 'Chapel Road'),
(883, 29, 'Charminar'),
(884, 29, 'Cherlapally'),
(885, 29, 'Chikkadpally'),
(886, 29, 'DD Colony'),
(887, 29, 'DRDL'),
(888, 29, 'Domalguda'),
(889, 29, 'ESI'),
(890, 29, 'East Marredpally'),
(891, 29, 'Ecil'),
(892, 29, 'Erragadda'),
(893, 29, 'Falaknuma'),
(894, 29, 'Film Nagar'),
(895, 29, 'Gagan Mahal'),
(896, 29, 'Gandhinagar'),
(897, 29, 'Golconda'),
(898, 29, 'Goshamahal'),
(899, 29, 'Gunfoundry'),
(900, 29, 'Habsiguda'),
(901, 29, 'Hafeezpet'),
(902, 29, 'Hayathnagar'),
(903, 29, 'Hyderabad'),
(904, 29, 'Hyderguda'),
(905, 29, 'Ibrahimpatnam'),
(906, 29, 'Indira Nagar'),
(907, 29, 'Jambagh'),
(908, 29, 'Jeedimetla'),
(909, 29, 'Kachiguda'),
(910, 29, 'Kalyan Nagar'),
(911, 29, 'Kanchanbagh'),
(912, 29, 'Kapra'),
(913, 29, 'Karkhana'),
(914, 29, 'Karmanghat'),
(915, 29, 'Karwan'),
(916, 29, 'Kavadiguda'),
(917, 29, 'Khairatabad'),
(918, 29, 'King Koti'),
(919, 29, 'Kishanbagh'),
(920, 29, 'Kompally'),
(921, 29, 'Kothaguda'),
(922, 29, 'Kothapet'),
(923, 29, 'Koti'),
(924, 29, 'Krishna Nagar'),
(925, 29, 'Kushaiguda'),
(926, 29, 'Kutbullapur'),
(927, 29, 'LB Nagar'),
(928, 29, 'Lakdikapul'),
(929, 29, 'Lal Darwaza'),
(930, 29, 'Langer House'),
(931, 29, 'Liberty'),
(932, 29, 'MG Road'),
(933, 29, 'Madinaguda'),
(934, 29, 'Malakpet'),
(935, 29, 'Malkajgiri'),
(936, 29, 'Mallepally'),
(937, 29, 'Manikonda'),
(938, 29, 'Marredpally'),
(939, 29, 'Masab Tank'),
(940, 29, 'Medchal'),
(941, 29, 'Meerpet'),
(942, 29, 'Mehdipatnam'),
(943, 29, 'Mettuguda'),
(944, 29, 'Moosapet'),
(945, 29, 'Moosarambagh'),
(946, 29, 'Moti Nagar'),
(947, 29, 'Moula Ali'),
(948, 29, 'Musheerabad'),
(949, 29, 'Nacharam'),
(950, 29, 'Nagole'),
(951, 29, 'Nallakunta'),
(952, 29, 'Nampally'),
(953, 29, 'Nanakramguda'),
(954, 29, 'Narayanguda'),
(955, 29, 'Nizampet'),
(956, 29, 'Old City'),
(957, 29, 'Osmania University'),
(958, 29, 'Padmarao Nagar'),
(959, 29, 'Panjagutta'),
(960, 29, 'Paradise'),
(961, 29, 'Patancheru'),
(962, 29, 'Pragathi Nagar'),
(963, 29, 'Prakash Nagar'),
(964, 29, 'Punjagutta'),
(965, 29, 'Puranapool'),
(966, 29, 'Quthbullapur'),
(967, 29, 'RP Road'),
(968, 29, 'RTC X Road'),
(969, 29, 'Raj Bhavan Road'),
(970, 29, 'Rajendra Nagar'),
(971, 29, 'Rajiv Nagar'),
(972, 29, 'Ram Nagar'),
(973, 29, 'Ramachandrapuram'),
(974, 29, 'Ramakrishna Puram'),
(975, 29, 'Ramanthapur'),
(976, 29, 'Ramkoti'),
(977, 29, 'Ranigunj'),
(978, 29, 'Red Hills'),
(979, 29, 'Safilguda'),
(980, 29, 'Sagar Road'),
(981, 29, 'Saidabad'),
(982, 29, 'Saifabad'),
(983, 29, 'Sainagar'),
(984, 29, 'Sainikpuri'),
(985, 29, 'Sanath Nagar'),
(986, 29, 'Santosh Nagar'),
(987, 29, 'Saroor Nagar'),
(988, 29, 'Secretariat'),
(989, 29, 'Shaikpet'),
(990, 29, 'Shamirpet'),
(991, 29, 'Shamshabad'),
(992, 29, 'Shanti Nagar'),
(993, 29, 'Shivam Road'),
(994, 29, 'Shivarampally'),
(995, 29, 'Sikh Village'),
(996, 29, 'Sindhi Colony'),
(997, 29, 'Srinagar Colony'),
(998, 29, 'Sultan Bazar'),
(999, 29, 'Tank Bund'),
(1000, 29, 'Tarnaka'),
(1001, 29, 'Tilak Nagar'),
(1002, 29, 'Tolichowki'),
(1003, 29, 'Trimulgherry'),
(1004, 29, 'Vanasthalipuram'),
(1005, 29, 'Vengal Rao Nagar'),
(1006, 29, 'Vidyanagar'),
(1007, 29, 'Vijay Nagar Colony'),
(1008, 29, 'West Marredpally'),
(1009, 29, 'Yakutpura'),
(1010, 29, 'Yellareddyguda'),
(1011, 29, 'Yousufguda'),
(1012, 29, 'abc'),
(1013, 1, 'other'),
(1014, 2, 'other'),
(1016, 4, 'other'),
(1017, 5, 'other'),
(1019, 7, 'other'),
(1020, 8, 'other'),
(1021, 9, 'other'),
(1022, 10, 'other'),
(1023, 11, 'other'),
(1024, 12, 'other'),
(1025, 13, 'other'),
(1026, 14, 'other'),
(1027, 15, 'other'),
(1028, 16, 'other'),
(1029, 17, 'other'),
(1030, 18, 'other'),
(1031, 19, 'other'),
(1032, 20, 'other'),
(1033, 21, 'other'),
(1034, 22, 'other'),
(1035, 23, 'other'),
(1036, 24, 'other'),
(1037, 25, 'other'),
(1038, 26, 'other'),
(1039, 27, 'other'),
(1040, 28, 'other'),
(1041, 30, 'other'),
(1042, 31, 'other'),
(1043, 32, 'other'),
(1044, 33, 'other'),
(1045, 34, 'other'),
(1046, 35, 'other'),
(1047, 36, 'other'),
(1048, 37, 'other'),
(1049, 38, 'other'),
(1050, 39, 'other'),
(1051, 40, 'other'),
(1052, 41, 'other'),
(1053, 42, 'other'),
(1054, 43, 'other'),
(1055, 44, 'other'),
(1056, 45, 'other'),
(1057, 46, 'other'),
(1058, 47, 'other'),
(1059, 48, 'other'),
(1060, 49, 'other'),
(1061, 50, 'other'),
(1062, 51, 'other'),
(1063, 52, 'other'),
(1064, 53, 'other'),
(1065, 54, 'other'),
(1066, 55, 'other'),
(1067, 56, 'other'),
(1068, 57, 'other'),
(1069, 58, 'other'),
(1070, 59, 'other'),
(1071, 60, 'other'),
(1072, 61, 'other'),
(1073, 62, 'other'),
(1074, 63, 'other'),
(1075, 64, 'other'),
(1076, 65, 'other'),
(1077, 66, 'other'),
(1078, 67, 'other'),
(1079, 68, 'other'),
(1080, 69, 'other'),
(1081, 70, 'other'),
(1082, 71, 'other'),
(1083, 72, 'other'),
(1084, 73, 'other'),
(1085, 74, 'other'),
(1086, 75, 'other'),
(1087, 76, 'other'),
(1088, 77, 'other'),
(1089, 78, 'other'),
(1090, 79, 'other'),
(1091, 80, 'other'),
(1092, 81, 'other'),
(1093, 82, 'other'),
(1094, 83, 'other'),
(1095, 84, 'other'),
(1096, 85, 'other'),
(1097, 86, 'other'),
(1098, 87, 'other'),
(1099, 88, 'other'),
(1100, 89, 'other'),
(1101, 90, 'other'),
(1102, 91, 'other'),
(1103, 92, 'other'),
(1104, 93, 'other'),
(1105, 94, 'other'),
(1106, 95, 'other'),
(1107, 96, 'other'),
(1108, 97, 'other'),
(1109, 98, 'other'),
(1110, 99, 'other'),
(1111, 100, 'other'),
(1112, 101, 'other'),
(1113, 102, 'other'),
(1114, 103, 'other'),
(1115, 104, 'other'),
(1116, 105, 'other'),
(1117, 106, 'other'),
(1118, 107, 'other'),
(1119, 108, 'other'),
(1120, 109, 'other'),
(1121, 110, 'other'),
(1122, 111, 'other'),
(1123, 112, 'other'),
(1124, 113, 'other'),
(1125, 114, 'other'),
(1126, 115, 'other'),
(1127, 116, 'other'),
(1128, 117, 'other'),
(1129, 118, 'other'),
(1130, 119, 'other'),
(1131, 120, 'other'),
(1132, 121, 'other'),
(1133, 122, 'other'),
(1134, 123, 'other'),
(1135, 124, 'other'),
(1136, 125, 'other'),
(1137, 126, 'other'),
(1138, 127, 'other'),
(1139, 128, 'other'),
(1140, 129, 'other'),
(1141, 130, 'other'),
(1142, 131, 'other'),
(1143, 132, 'other'),
(1144, 133, 'other'),
(1145, 134, 'other'),
(1146, 135, 'other'),
(1147, 136, 'other'),
(1148, 137, 'other'),
(1149, 138, 'other'),
(1150, 139, 'other'),
(1151, 140, 'other'),
(1152, 141, 'other'),
(1153, 142, 'other'),
(1154, 143, 'other'),
(1155, 144, 'other'),
(1156, 145, 'other'),
(1157, 146, 'other'),
(1158, 147, 'other'),
(1159, 148, 'other'),
(1160, 149, 'other'),
(1161, 150, 'other'),
(1162, 151, 'other'),
(1163, 152, 'other'),
(1164, 153, 'other'),
(1165, 154, 'other'),
(1166, 155, 'other'),
(1167, 156, 'other'),
(1168, 157, 'other'),
(1169, 158, 'other'),
(1170, 159, 'other'),
(1171, 160, 'other'),
(1172, 161, 'other'),
(1173, 162, 'other'),
(1174, 163, 'other'),
(1175, 164, 'other'),
(1176, 165, 'other'),
(1177, 166, 'other'),
(1178, 167, 'other'),
(1179, 168, 'other'),
(1180, 169, 'other'),
(1181, 170, 'other'),
(1182, 171, 'other'),
(1183, 172, 'other'),
(1184, 173, 'other'),
(1185, 174, 'other'),
(1186, 175, 'other'),
(1187, 176, 'other'),
(1188, 177, 'other'),
(1189, 178, 'other'),
(1190, 179, 'other'),
(1191, 180, 'other'),
(1192, 181, 'other'),
(1193, 182, 'other'),
(1194, 183, 'other'),
(1195, 184, 'other'),
(1196, 185, 'other'),
(1197, 186, 'other'),
(1198, 187, 'other'),
(1199, 188, 'other'),
(1200, 189, 'other'),
(1201, 190, 'other'),
(1202, 191, 'other'),
(1203, 192, 'other'),
(1204, 193, 'other'),
(1205, 194, 'other'),
(1206, 195, 'other'),
(1207, 196, 'other'),
(1208, 197, 'other'),
(1209, 198, 'other'),
(1210, 199, 'other'),
(1211, 200, 'other'),
(1212, 201, 'other'),
(1213, 202, 'other'),
(1214, 203, 'other'),
(1215, 204, 'other'),
(1216, 205, 'other'),
(1217, 206, 'other'),
(1218, 207, 'other'),
(1219, 208, 'other'),
(1220, 209, 'other'),
(1221, 210, 'other'),
(1222, 211, 'other'),
(1223, 212, 'other'),
(1224, 213, 'other'),
(1225, 214, 'other'),
(1226, 215, 'other'),
(1227, 216, 'other'),
(1228, 217, 'other'),
(1229, 218, 'other'),
(1230, 219, 'other'),
(1231, 220, 'other'),
(1232, 221, 'other'),
(1233, 222, 'other'),
(1234, 223, 'other'),
(1235, 224, 'other'),
(1236, 225, 'other'),
(1237, 226, 'other'),
(1238, 227, 'other'),
(1239, 228, 'other'),
(1240, 229, 'other'),
(1241, 230, 'other'),
(1242, 231, 'other'),
(1243, 232, 'other'),
(1244, 233, 'other'),
(1245, 234, 'other'),
(1246, 235, 'other'),
(1247, 236, 'other'),
(1248, 237, 'other'),
(1249, 238, 'other'),
(1250, 239, 'other'),
(1251, 240, 'other'),
(1252, 241, 'other'),
(1253, 242, 'other'),
(1254, 243, 'other'),
(1255, 244, 'other'),
(1256, 245, 'other'),
(1257, 246, 'other'),
(1258, 247, 'other'),
(1259, 248, 'other'),
(1260, 249, 'other'),
(1261, 250, 'other'),
(1262, 251, 'other'),
(1263, 252, 'other'),
(1264, 253, 'other'),
(1265, 254, 'other'),
(1266, 255, 'other'),
(1267, 256, 'other'),
(1268, 257, 'other'),
(1269, 258, 'other'),
(1270, 259, 'other'),
(1271, 260, 'other'),
(1272, 261, 'other'),
(1273, 262, 'other'),
(1274, 263, 'other'),
(1275, 264, 'other'),
(1276, 265, 'other'),
(1277, 266, 'other'),
(1278, 267, 'other'),
(1279, 268, 'other'),
(1280, 269, 'other'),
(1281, 270, 'other'),
(1282, 271, 'other'),
(1283, 272, 'other'),
(1284, 273, 'other'),
(1285, 274, 'other'),
(1286, 275, 'other'),
(1287, 276, 'other'),
(1288, 277, 'other'),
(1289, 279, 'other'),
(1290, 280, 'other'),
(1291, 281, 'other'),
(1292, 282, 'other'),
(1293, 283, 'other'),
(1294, 284, 'other'),
(1295, 285, 'other'),
(1296, 286, 'other'),
(1297, 287, 'other'),
(1298, 288, 'other'),
(1299, 289, 'other'),
(1300, 290, 'other'),
(1301, 291, 'other'),
(1302, 292, 'other'),
(1303, 293, 'other'),
(1304, 294, 'other'),
(1305, 295, 'other'),
(1306, 296, 'other'),
(1307, 297, 'other'),
(1308, 298, 'other'),
(1309, 299, 'other'),
(1310, 300, 'other'),
(1311, 301, 'other'),
(1312, 302, 'other'),
(1313, 303, 'other'),
(1314, 304, 'other'),
(1315, 305, 'other'),
(1316, 306, 'other'),
(1317, 307, 'other'),
(1318, 308, 'other'),
(1319, 309, 'other'),
(1320, 310, 'other'),
(1321, 311, 'other'),
(1322, 312, 'other'),
(1323, 313, 'other'),
(1324, 314, 'other'),
(1325, 315, 'other'),
(1326, 316, 'other'),
(1327, 317, 'other'),
(1328, 318, 'other'),
(1329, 319, 'other'),
(1330, 320, 'other'),
(1331, 321, 'other'),
(1332, 322, 'other'),
(1333, 323, 'other'),
(1334, 324, 'other'),
(1335, 325, 'other'),
(1336, 326, 'other'),
(1337, 327, 'other'),
(1338, 328, 'other'),
(1339, 329, 'other'),
(1340, 330, 'other'),
(1341, 331, 'other'),
(1342, 332, 'other'),
(1343, 333, 'other'),
(1344, 334, 'other'),
(1345, 335, 'other'),
(1346, 336, 'other'),
(1347, 337, 'other'),
(1348, 338, 'other'),
(1349, 339, 'other'),
(1350, 340, 'other'),
(1351, 341, 'other'),
(1352, 342, 'other'),
(1353, 343, 'other'),
(1354, 344, 'other'),
(1355, 345, 'other'),
(1356, 346, 'other'),
(1357, 347, 'other'),
(1358, 348, 'other'),
(1359, 349, 'other'),
(1360, 350, 'other'),
(1361, 351, 'other'),
(1362, 352, 'other'),
(1363, 353, 'other'),
(1364, 354, 'other'),
(1365, 355, 'other'),
(1366, 356, 'other'),
(1367, 357, 'other'),
(1368, 358, 'other'),
(1369, 359, 'other'),
(1370, 360, 'other'),
(1371, 361, 'other'),
(1372, 362, 'other'),
(1373, 363, 'other'),
(1374, 364, 'other'),
(1375, 365, 'other'),
(1376, 366, 'other'),
(1377, 367, 'other'),
(1378, 368, 'other'),
(1379, 369, 'other'),
(1380, 370, 'other'),
(1381, 371, 'other'),
(1382, 372, 'other'),
(1383, 373, 'other'),
(1384, 374, 'other'),
(1385, 375, 'other'),
(1386, 376, 'other'),
(1387, 377, 'other'),
(1388, 378, 'other'),
(1389, 379, 'other'),
(1390, 380, 'other'),
(1391, 381, 'other'),
(1392, 382, 'other'),
(1393, 383, 'other'),
(1394, 384, 'other'),
(1395, 385, 'other'),
(1396, 386, 'other'),
(1397, 387, 'other'),
(1398, 388, 'other'),
(1399, 389, 'other'),
(1400, 390, 'other'),
(1401, 391, 'other'),
(1402, 392, 'other'),
(1403, 393, 'other'),
(1404, 394, 'other'),
(1405, 395, 'other'),
(1406, 396, 'other'),
(1407, 397, 'other'),
(1408, 398, 'other'),
(1409, 399, 'other'),
(1410, 400, 'other'),
(1411, 401, 'other'),
(1412, 402, 'other'),
(1413, 403, 'other'),
(1414, 404, 'other'),
(1415, 405, 'other'),
(1416, 406, 'other'),
(1417, 407, 'other'),
(1418, 408, 'other'),
(1419, 409, 'other'),
(1420, 410, 'other'),
(1421, 411, 'other'),
(1422, 412, 'other'),
(1423, 413, 'other'),
(1424, 414, 'other'),
(1425, 415, 'other'),
(1426, 416, 'other'),
(1427, 417, 'other'),
(1428, 418, 'other'),
(1429, 419, 'other'),
(1430, 420, 'other'),
(1431, 421, 'other'),
(1432, 422, 'other'),
(1433, 423, 'other'),
(1434, 424, 'other'),
(1435, 425, 'other'),
(1436, 426, 'other'),
(1437, 427, 'other'),
(1438, 429, 'other'),
(1439, 430, 'other'),
(1440, 431, 'other'),
(1441, 432, 'other'),
(1442, 433, 'other'),
(1443, 434, 'other'),
(1444, 435, 'other'),
(1445, 436, 'other'),
(1446, 437, 'other'),
(1447, 438, 'other'),
(1448, 439, 'other'),
(1449, 440, 'other'),
(1450, 441, 'other'),
(1451, 442, 'other'),
(1452, 443, 'other'),
(1453, 444, 'other'),
(1454, 445, 'other'),
(1455, 446, 'other'),
(1456, 447, 'other'),
(1457, 448, 'other'),
(1458, 449, 'other'),
(1459, 450, 'other'),
(1460, 451, 'other'),
(1461, 452, 'other'),
(1462, 453, 'other'),
(1463, 454, 'other'),
(1464, 455, 'other'),
(1465, 456, 'other'),
(1466, 457, 'other'),
(1467, 458, 'other'),
(1468, 459, 'other'),
(1469, 460, 'other'),
(1470, 461, 'other'),
(1471, 462, 'other'),
(1472, 463, 'other'),
(1473, 464, 'other'),
(1474, 465, 'other'),
(1475, 466, 'other'),
(1476, 467, 'other'),
(1477, 468, 'other'),
(1478, 469, 'other'),
(1479, 470, 'other'),
(1480, 471, 'other'),
(1481, 472, 'other'),
(1482, 473, 'other'),
(1483, 474, 'other'),
(1484, 475, 'other'),
(1485, 476, 'other'),
(1486, 477, 'other'),
(1487, 478, 'other'),
(1488, 479, 'other'),
(1489, 480, 'other'),
(1490, 481, 'other'),
(1491, 482, 'other'),
(1492, 483, 'other'),
(1493, 484, 'other'),
(1494, 485, 'other'),
(1495, 486, 'other'),
(1496, 487, 'other'),
(1497, 488, 'other'),
(1498, 489, 'other'),
(1499, 490, 'other'),
(1500, 491, 'other'),
(1501, 492, 'other'),
(1502, 493, 'other'),
(1503, 494, 'other'),
(1504, 495, 'other'),
(1505, 496, 'other'),
(1506, 497, 'other'),
(1507, 498, 'other'),
(1508, 499, 'other'),
(1509, 500, 'other'),
(1510, 501, 'other'),
(1511, 502, 'other'),
(1512, 503, 'other'),
(1513, 504, 'other'),
(1514, 505, 'other'),
(1515, 506, 'other'),
(1516, 507, 'other'),
(1517, 508, 'other'),
(1518, 509, 'other'),
(1519, 510, 'other'),
(1520, 511, 'other'),
(1521, 512, 'other'),
(1522, 513, 'other'),
(1523, 514, 'other'),
(1524, 515, 'other'),
(1525, 516, 'other'),
(1526, 517, 'other'),
(1527, 518, 'other'),
(1528, 519, 'other'),
(1529, 520, 'other'),
(1530, 521, 'other'),
(1531, 522, 'other'),
(1532, 523, 'other'),
(1533, 524, 'other'),
(1534, 525, 'other'),
(1535, 526, 'other'),
(1536, 527, 'other'),
(1537, 528, 'other'),
(1538, 529, 'other'),
(1539, 530, 'other'),
(1540, 531, 'other'),
(1541, 532, 'other'),
(1542, 533, 'other'),
(1543, 534, 'other'),
(1544, 535, 'other'),
(1545, 536, 'other'),
(1546, 537, 'other'),
(1547, 538, 'other'),
(1548, 539, 'other'),
(1549, 540, 'other'),
(1550, 541, 'other'),
(1551, 542, 'other'),
(1552, 543, 'other'),
(1553, 544, 'other'),
(1554, 545, 'other'),
(1555, 546, 'other'),
(1556, 547, 'other'),
(1557, 548, 'other'),
(1558, 549, 'other'),
(1559, 550, 'other'),
(1560, 551, 'other'),
(1561, 552, 'other'),
(1562, 553, 'other'),
(1563, 554, 'other'),
(1564, 555, 'other'),
(1565, 556, 'other'),
(1566, 557, 'other'),
(1567, 558, 'other'),
(1568, 559, 'other'),
(1569, 560, 'other'),
(1570, 561, 'other'),
(1571, 562, 'other'),
(1572, 563, 'other'),
(1573, 564, 'other'),
(1574, 565, 'other'),
(1575, 566, 'other'),
(1576, 567, 'other'),
(1577, 568, 'other'),
(1578, 569, 'other'),
(1579, 570, 'other'),
(1580, 571, 'other'),
(1581, 572, 'other'),
(1582, 573, 'other'),
(1583, 574, 'other'),
(1584, 575, 'other'),
(1585, 576, 'other'),
(1586, 577, 'other'),
(1587, 578, 'other'),
(1588, 579, 'other'),
(1589, 580, 'other'),
(1590, 581, 'other'),
(1591, 582, 'other'),
(1592, 583, 'other'),
(1593, 584, 'other'),
(1594, 585, 'other'),
(1595, 586, 'other'),
(1596, 587, 'other'),
(1597, 588, 'other'),
(1598, 589, 'other'),
(1599, 590, 'other'),
(1600, 591, 'other'),
(1601, 592, 'other'),
(1602, 593, 'other'),
(1603, 594, 'other'),
(1604, 595, 'other'),
(1605, 597, 'other'),
(1606, 598, 'other'),
(1607, 599, 'other'),
(1608, 600, 'other'),
(1609, 601, 'other'),
(1610, 602, 'other'),
(1611, 603, 'other'),
(1612, 604, 'other'),
(1613, 605, 'other'),
(1614, 606, 'other'),
(1615, 607, 'other'),
(1616, 608, 'other'),
(1617, 609, 'other'),
(1618, 610, 'other'),
(1619, 611, 'other'),
(1620, 612, 'other'),
(1621, 613, 'other'),
(1622, 614, 'other'),
(1623, 615, 'other'),
(1624, 616, 'other'),
(1625, 617, 'other'),
(1626, 618, 'other'),
(1627, 619, 'other'),
(1628, 620, 'other'),
(1629, 621, 'other'),
(1630, 622, 'other'),
(1631, 623, 'other'),
(1632, 624, 'other'),
(1633, 625, 'other'),
(1634, 626, 'other'),
(1635, 627, 'other'),
(1636, 628, 'other'),
(1637, 629, 'other'),
(1638, 630, 'other'),
(1639, 631, 'other'),
(1640, 632, 'other'),
(1641, 633, 'other'),
(1642, 634, 'other'),
(1645, 637, 'other'),
(1646, 638, 'other'),
(1647, 639, 'other'),
(1648, 640, 'other'),
(1649, 641, 'other'),
(1650, 642, 'other'),
(1651, 643, 'other'),
(1652, 644, 'other'),
(1653, 645, 'other'),
(1654, 646, 'other'),
(1655, 647, 'other'),
(1656, 648, 'other'),
(1657, 649, 'other'),
(1658, 650, 'other'),
(1659, 651, 'other'),
(1660, 652, 'other'),
(1661, 653, 'other'),
(1662, 654, 'other'),
(1663, 655, 'other'),
(1664, 656, 'other'),
(1665, 657, 'other'),
(1666, 658, 'other'),
(1667, 659, 'other'),
(1668, 660, 'other'),
(1669, 661, 'other'),
(1670, 662, 'other'),
(1671, 663, 'other'),
(1672, 664, 'other'),
(1673, 665, 'other'),
(1674, 666, 'other'),
(1675, 667, 'other'),
(1676, 668, 'other'),
(1677, 669, 'other'),
(1678, 670, 'other'),
(1679, 671, 'other'),
(1680, 672, 'other'),
(1681, 673, 'other'),
(1682, 674, 'other'),
(1683, 675, 'other'),
(1684, 676, 'other'),
(1685, 677, 'other'),
(1686, 678, 'other'),
(1687, 679, 'other'),
(1688, 680, 'other'),
(1689, 681, 'other'),
(1690, 682, 'other'),
(1691, 683, 'other'),
(1692, 684, 'other'),
(1693, 685, 'other'),
(1694, 686, 'other'),
(1695, 687, 'other'),
(1696, 688, 'other'),
(1697, 689, 'other'),
(1698, 690, 'other'),
(1699, 691, 'other'),
(1700, 692, 'other'),
(1701, 693, 'other'),
(1702, 694, 'other'),
(1703, 695, 'other'),
(1704, 696, 'other'),
(1705, 697, 'other'),
(1706, 698, 'other'),
(1707, 699, 'other'),
(1708, 700, 'other'),
(1709, 701, 'other'),
(1710, 702, 'other'),
(1711, 703, 'other'),
(1712, 704, 'other'),
(1713, 705, 'other'),
(1714, 706, 'other'),
(1715, 707, 'other'),
(1716, 708, 'other'),
(1717, 709, 'other'),
(1718, 710, 'other'),
(1719, 711, 'other'),
(1720, 712, 'other'),
(1721, 713, 'other'),
(1722, 714, 'other'),
(1723, 715, 'other'),
(1724, 716, 'other'),
(1725, 717, 'other'),
(1726, 718, 'other'),
(1727, 719, 'other'),
(1728, 720, 'other'),
(1729, 721, 'other'),
(1730, 722, 'other'),
(1731, 723, 'other'),
(1732, 724, 'other'),
(1733, 725, 'other'),
(1734, 726, 'other'),
(1735, 727, 'other'),
(1736, 728, 'other'),
(1737, 729, 'other'),
(1738, 730, 'other'),
(1739, 731, 'other'),
(1740, 732, 'other'),
(1741, 733, 'other'),
(1742, 734, 'other'),
(1743, 735, 'other'),
(1744, 736, 'other'),
(1745, 737, 'other'),
(1746, 738, 'other'),
(1747, 739, 'other'),
(1748, 740, 'other'),
(1749, 741, 'other'),
(1750, 742, 'other'),
(1751, 743, 'other'),
(1752, 744, 'other'),
(1753, 745, 'other'),
(1754, 746, 'other'),
(1755, 747, 'other'),
(1756, 748, 'other'),
(1757, 749, 'other'),
(1758, 750, 'other'),
(1759, 751, 'other'),
(1760, 752, 'other'),
(1761, 753, 'other'),
(1762, 754, 'other'),
(1763, 755, 'other'),
(1764, 756, 'other'),
(1765, 757, 'other'),
(1766, 758, 'other'),
(1767, 759, 'other'),
(1768, 760, 'other'),
(1769, 761, 'other'),
(1770, 762, 'other'),
(1771, 763, 'other'),
(1772, 764, 'other'),
(1773, 765, 'other'),
(1774, 766, 'other'),
(1775, 767, 'other'),
(1776, 768, 'other'),
(1777, 769, 'other'),
(1778, 770, 'other'),
(1779, 771, 'other'),
(1780, 772, 'other'),
(1781, 773, 'other'),
(1782, 774, 'other'),
(1783, 775, 'other'),
(1784, 776, 'other'),
(1785, 777, 'other'),
(1786, 778, 'other'),
(1787, 779, 'other'),
(1788, 780, 'other'),
(1789, 781, 'other'),
(1790, 782, 'other'),
(1791, 783, 'other'),
(1792, 784, 'other'),
(1793, 785, 'other'),
(1794, 786, 'other'),
(1795, 787, 'other'),
(1796, 788, 'other'),
(1797, 789, 'other'),
(1798, 790, 'other'),
(1799, 791, 'other'),
(1800, 792, 'other'),
(1801, 793, 'other'),
(1802, 794, 'other'),
(1803, 795, 'other'),
(1804, 796, 'other'),
(1805, 797, 'other'),
(1806, 798, 'other'),
(1807, 799, 'other'),
(1808, 800, 'other'),
(1809, 801, 'other'),
(1810, 802, 'other'),
(1811, 803, 'other'),
(1812, 804, 'other'),
(1813, 805, 'other'),
(1814, 806, 'other'),
(1815, 807, 'other'),
(1816, 808, 'other'),
(1817, 809, 'other'),
(1818, 810, 'other'),
(1819, 811, 'other'),
(1820, 812, 'other'),
(1821, 813, 'other'),
(1822, 814, 'other'),
(1823, 815, 'other'),
(1824, 816, 'other'),
(1825, 817, 'other'),
(1826, 818, 'other'),
(1827, 819, 'other'),
(1828, 820, 'other'),
(1829, 821, 'other'),
(1830, 822, 'other'),
(1831, 823, 'other'),
(1832, 824, 'other'),
(1833, 825, 'other'),
(1834, 826, 'other'),
(1835, 827, 'other'),
(1836, 828, 'other'),
(1837, 829, 'other'),
(1838, 830, 'other'),
(1839, 831, 'other'),
(1840, 832, 'other'),
(1841, 833, 'other'),
(1842, 834, 'other'),
(1843, 835, 'other'),
(1844, 836, 'other'),
(1845, 837, 'other'),
(1846, 838, 'other'),
(1847, 839, 'other'),
(1848, 840, 'other'),
(1849, 841, 'other'),
(1850, 842, 'other'),
(1851, 843, 'other'),
(1852, 844, 'other'),
(1853, 845, 'other'),
(1854, 846, 'other'),
(1855, 847, 'other'),
(1856, 848, 'other'),
(1857, 849, 'other'),
(1858, 850, 'other'),
(1859, 851, 'other'),
(1860, 852, 'other'),
(1861, 853, 'other'),
(1862, 854, 'other'),
(1863, 855, 'other'),
(1864, 856, 'other'),
(1865, 857, 'other'),
(1866, 858, 'other'),
(1867, 859, 'other'),
(1868, 860, 'other'),
(1869, 861, 'other'),
(1870, 862, 'other'),
(1871, 863, 'other'),
(1872, 864, 'other'),
(1873, 865, 'other'),
(1874, 866, 'other'),
(1875, 867, 'other'),
(1876, 868, 'other'),
(1877, 869, 'other'),
(1878, 870, 'other'),
(1879, 871, 'other'),
(1880, 872, 'other'),
(1881, 873, 'other'),
(1882, 874, 'other'),
(1883, 875, 'other'),
(1884, 876, 'other'),
(1885, 877, 'other'),
(1886, 878, 'other'),
(1887, 879, 'other'),
(1888, 880, 'other'),
(1889, 881, 'other'),
(1890, 882, 'other'),
(1891, 883, 'other'),
(1892, 884, 'other'),
(1893, 885, 'other'),
(1894, 886, 'other'),
(1895, 887, 'other'),
(1896, 888, 'other'),
(1897, 889, 'other'),
(1898, 890, 'other'),
(1899, 891, 'other'),
(1900, 892, 'other'),
(1901, 893, 'other'),
(1902, 894, 'other'),
(1903, 895, 'other'),
(1904, 896, 'other'),
(1905, 897, 'other'),
(1906, 898, 'other'),
(1907, 899, 'other'),
(1908, 900, 'other'),
(1909, 901, 'other'),
(1910, 902, 'other'),
(1911, 903, 'other'),
(1912, 904, 'other'),
(1913, 905, 'other'),
(1914, 906, 'other'),
(1915, 907, 'other'),
(1916, 908, 'other'),
(1917, 909, 'other'),
(1918, 910, 'other'),
(1919, 911, 'other'),
(1920, 912, 'other'),
(1922, 914, 'other'),
(1923, 915, 'other'),
(1924, 916, 'other'),
(1925, 917, 'other'),
(1926, 918, 'other'),
(1927, 919, 'other'),
(1928, 920, 'other'),
(1929, 921, 'other'),
(1930, 922, 'other'),
(1931, 923, 'other'),
(1932, 924, 'other'),
(1933, 925, 'other'),
(1934, 926, 'other'),
(1935, 927, 'other'),
(1936, 928, 'other'),
(1937, 929, 'other'),
(1938, 930, 'other'),
(1939, 931, 'other'),
(1940, 932, 'other'),
(1941, 933, 'other'),
(1942, 934, 'other'),
(1943, 935, 'other'),
(1944, 936, 'other'),
(1945, 937, 'other'),
(1946, 938, 'other'),
(1947, 939, 'other'),
(1948, 940, 'other'),
(1949, 941, 'other'),
(1950, 942, 'other'),
(1951, 943, 'other'),
(1952, 944, 'other'),
(1953, 945, 'other'),
(1954, 946, 'other'),
(1955, 947, 'other'),
(1956, 948, 'other'),
(1957, 949, 'other'),
(1958, 950, 'other'),
(1959, 951, 'other'),
(1960, 952, 'other'),
(1961, 953, 'other'),
(1962, 954, 'other'),
(1963, 955, 'other'),
(1964, 956, 'other'),
(1965, 957, 'other'),
(1966, 958, 'other'),
(1967, 959, 'other'),
(1968, 960, 'other'),
(1970, 962, 'other'),
(1971, 963, 'other'),
(1972, 964, 'other'),
(1973, 965, 'other'),
(1974, 966, 'other'),
(1975, 967, 'other'),
(1976, 968, 'other'),
(1977, 969, 'other'),
(1978, 970, 'other'),
(1979, 971, 'other'),
(1980, 972, 'other'),
(1981, 973, 'other'),
(1982, 974, 'other'),
(1983, 975, 'other'),
(1984, 976, 'other'),
(1985, 977, 'other'),
(1986, 978, 'other'),
(1987, 979, 'other'),
(1988, 980, 'other'),
(1989, 981, 'other'),
(1990, 982, 'other'),
(1991, 983, 'other'),
(1992, 984, 'other'),
(1993, 985, 'other'),
(1994, 986, 'other'),
(1995, 987, 'other'),
(1996, 988, 'other'),
(1997, 989, 'other'),
(1998, 990, 'other'),
(1999, 991, 'other'),
(2000, 992, 'other'),
(2001, 993, 'other'),
(2002, 994, 'other'),
(2003, 995, 'other'),
(2004, 996, 'other'),
(2005, 428, 'other'),
(2006, 692, 'Sector-16'),
(2007, 692, 'Sector-16'),
(2008, 29, 'Others'),
(2009, 278, 'Dayananda Vihar'),
(2010, 596, 'Vasai'),
(2011, 596, 'Warden Road'),
(2012, 817, 'Alwarpet'),
(2013, 817, 'Ascendas IT Park'),
(2014, 428, 'T C Palya'),
(2015, 428, 'Amruthahalli'),
(2016, 428, 'Devarachikkanahalli'),
(2018, 428, 'Bilekahalli'),
(2019, 428, 'H M T Layout'),
(2020, 428, 'Assaye Road'),
(2021, 428, 'Konena Agrahara'),
(2022, 428, 'Channasandra'),
(2023, 428, 'Malleshpalya'),
(2024, 428, 'Cox Town'),
(2025, 428, 'Nelamangala'),
(2026, 428, 'Sahakara Nagar'),
(2027, 428, 'Off Sarjapur Road'),
(2028, 428, 'Murugeshpalya'),
(2029, 428, 'Vittal Mallya Road'),
(2030, 428, 'Hennur'),
(2031, 428, 'Attiguppe'),
(2032, 428, 'Benson Town'),
(2033, 428, 'Girinagar'),
(2034, 428, 'ISRO Layout'),
(2035, 428, 'Devanahalli'),
(2036, 428, 'Nagadevana Halli'),
(2037, 428, 'Begur'),
(2038, 428, 'Baiyappanahalli'),
(2039, 428, 'Chandra Layout'),
(2040, 428, 'Chandra Layout'),
(2041, 635, 'Airoli'),
(2042, 635, 'Belapur'),
(2043, 635, 'Bokadvira'),
(2044, 635, 'Chanje'),
(2045, 635, 'Darave'),
(2046, 635, 'Ghansoli'),
(2047, 635, 'Jaskhar'),
(2048, 635, 'Jnpt'),
(2049, 635, 'Juinagar'),
(2050, 635, 'K.U.Bazar'),
(2051, 635, 'Kalamboli'),
(2052, 635, 'Kamothe'),
(2053, 635, 'Karanja'),
(2054, 635, 'Kegaon'),
(2055, 635, 'Kharghar'),
(2056, 635, 'Kopar Khairne'),
(2057, 635, 'Mora'),
(2058, 635, 'N.S.Karanja'),
(2059, 635, 'Navghar'),
(2060, 635, 'Nerul'),
(2061, 635, 'Nerul Node-II'),
(2062, 635, 'Nerul Node-III'),
(2063, 635, 'Nerul Sector-48'),
(2064, 635, 'ONGC-dronagiri'),
(2065, 635, 'Panvel'),
(2066, 635, 'Rabale'),
(2067, 635, 'Sanpada'),
(2068, 635, 'Seawoods'),
(2069, 635, 'Sheva'),
(2070, 635, 'Taloja'),
(2071, 635, 'Turbhe'),
(2072, 635, 'Turbhe Market'),
(2073, 635, 'Uran'),
(2074, 635, 'Vashi'),
(2075, 635, 'Vashi Sector-26'),
(2076, 635, 'Vashi-VII'),
(2077, 376, 'Aharwan'),
(2078, 376, 'Alawalpur'),
(2079, 376, 'Ali Meo'),
(2080, 376, 'Alika'),
(2081, 376, 'Alipur'),
(2082, 376, 'Amarnagar'),
(2083, 376, 'Amarpur'),
(2084, 376, 'Amroli'),
(2085, 376, 'Anangpur'),
(2086, 376, 'Andhop'),
(2087, 376, 'Asaota'),
(2088, 376, 'Asaoti'),
(2089, 376, 'Atali'),
(2090, 376, 'Aurangabad'),
(2091, 376, 'Badarpur Syed'),
(2092, 376, 'Baghola'),
(2093, 376, 'Bahin'),
(2094, 376, 'Ballabgarh'),
(2095, 376, 'Bamni Khera'),
(2096, 376, 'Banchari'),
(2097, 376, 'Banswa'),
(2098, 376, 'Baroli'),
(2099, 376, 'Bhainsrawali'),
(2100, 376, 'Bhandoli'),
(2101, 376, 'Bhartia Catlar Hamer'),
(2102, 376, 'Bhaskola'),
(2103, 376, 'Bhiduki'),
(2104, 376, 'Bhuvapur'),
(2105, 376, 'Chandpur'),
(2106, 376, 'Chant'),
(2107, 376, 'Chawla Colony'),
(2108, 376, 'Chhainsa'),
(2109, 376, 'Chhajju Nagar'),
(2110, 376, 'Dayalpur'),
(2111, 376, 'Deeg'),
(2112, 376, 'Dhatir'),
(2113, 376, 'Dhauj'),
(2114, 376, 'Dighot'),
(2115, 376, 'EO HUDA Sector-8'),
(2116, 376, 'Ejento'),
(2117, 376, 'Escort'),
(2118, 376, 'Escort Plant I & II'),
(2119, 376, 'Escortsnagar'),
(2120, 376, 'Factory Area'),
(2121, 376, 'Faridabad City'),
(2122, 376, 'Faridabad NIT'),
(2123, 376, 'Faridpur'),
(2124, 376, 'Fatehpur Billoch'),
(2125, 376, 'Fatehpur Tagga'),
(2126, 376, 'Feroz Gandhi Nagar'),
(2127, 376, 'G Motors, Sector-11'),
(2128, 376, 'G.T. Road'),
(2129, 376, 'Gadpuri'),
(2130, 376, 'Gehlab'),
(2131, 376, 'Gharrot'),
(2132, 376, 'Ghori'),
(2133, 376, 'Gonchhi'),
(2134, 376, 'Gorota'),
(2135, 376, 'Grain Market Palwal'),
(2136, 376, 'Gulawad'),
(2137, 376, 'Gurukul Indraprashtha'),
(2138, 376, 'HPL Plot-21 Sector-6'),
(2139, 376, 'Hassanpur'),
(2140, 376, 'Hathin'),
(2141, 376, 'Hodal'),
(2142, 376, 'Hurithal'),
(2143, 376, 'IOCL Sector-12'),
(2144, 376, 'Indication Plot 19 Sector-6'),
(2145, 376, 'Industrial Area'),
(2146, 376, 'Jaindapur'),
(2147, 376, 'Janauli'),
(2148, 376, 'Jawahar Colony'),
(2149, 376, 'Jawahar Nagar Palwal'),
(2150, 376, 'Jawan'),
(2151, 376, 'Katesara'),
(2152, 376, 'Khaika'),
(2153, 376, 'Khambi'),
(2154, 376, 'Khatela Sarai'),
(2155, 376, 'Kheri Kalan'),
(2156, 376, 'Kondal'),
(2157, 376, 'Kot'),
(2158, 376, 'Kurali'),
(2159, 376, 'Lakhani Company Plot 131 Sector-6'),
(2160, 376, 'Likhi'),
(2161, 376, 'Lohina'),
(2162, 376, 'Machhgar'),
(2163, 376, 'Madnaka'),
(2164, 376, 'Malai'),
(2165, 376, 'Mandkola'),
(2166, 376, 'Manjhawali'),
(2167, 376, 'Manpur'),
(2168, 376, 'Marraoli'),
(2169, 376, 'Mathura Road'),
(2170, 376, 'Mohna'),
(2171, 376, 'N.I.F.M.'),
(2172, 376, 'N.T.P.C. Sector-10'),
(2173, 376, 'NSSO NH-IV'),
(2174, 376, 'Nangal Jat'),
(2175, 376, 'Neemka'),
(2176, 376, 'Nepko'),
(2177, 376, 'New Township Palwal'),
(2178, 376, 'Nh-2'),
(2179, 376, 'Nh-3'),
(2180, 376, 'Nh-4'),
(2181, 376, 'Nhpc Colony'),
(2182, 376, 'Northern India'),
(2183, 376, 'OBC Sector-7'),
(2184, 376, 'Pali'),
(2185, 376, 'Palwal'),
(2186, 376, 'Panhera Khurd'),
(2187, 376, 'Pingore'),
(2188, 376, 'Press Colony'),
(2189, 376, 'Prithla'),
(2190, 376, 'RPFC Sector-15A'),
(2191, 376, 'Rasulpur'),
(2192, 376, 'Rattan Chand Harjas Rai'),
(2193, 376, 'Rupraka'),
(2194, 376, 'Sagarpur'),
(2195, 376, 'Sector 21 C'),
(2196, 376, 'Sector 37'),
(2197, 376, 'Sector-12'),
(2198, 376, 'Sector-14'),
(2199, 376, 'Sector-15'),
(2200, 376, 'Sector-16'),
(2201, 376, 'Sector-16a');
INSERT INTO `sb__locality` (`id`, `city`, `locality`) VALUES
(2202, 376, 'Sector-18'),
(2203, 376, 'Sector-19'),
(2204, 376, 'Sector-2'),
(2205, 376, 'Sector-20'),
(2206, 376, 'Sector-22'),
(2207, 376, 'Sector-23'),
(2208, 376, 'Sector-29'),
(2209, 376, 'Sector-3'),
(2210, 376, 'Sector-35'),
(2211, 376, 'Sector-39'),
(2212, 376, 'Sector-7'),
(2213, 376, 'Sector-8'),
(2214, 376, 'Sector-9'),
(2215, 376, 'Seekri'),
(2216, 376, 'Seoli'),
(2217, 376, 'Siaroli'),
(2218, 376, 'Sihol'),
(2219, 376, 'Sondh'),
(2220, 376, 'State Bank of India, Sector-6'),
(2221, 376, 'State Bank of Patiala Sector-11'),
(2222, 376, 'Surajkund'),
(2223, 376, 'Tappa Bilochpur'),
(2224, 376, 'Teekri Brahman'),
(2225, 376, 'Thomson Press'),
(2226, 376, 'Tigaon'),
(2227, 376, 'Tilpat'),
(2228, 376, 'UTI Sector-7'),
(2229, 376, 'Uttawar'),
(2230, 913, 'Abupur'),
(2231, 913, 'Achheja'),
(2232, 913, 'Adhyatmic Nagar'),
(2233, 913, 'Alamnagar'),
(2234, 913, 'Alipur'),
(2235, 913, 'Alttc'),
(2236, 913, 'Anwarpur'),
(2237, 913, 'Arya Nagar'),
(2238, 913, 'Asaura'),
(2239, 913, 'Athsaini'),
(2240, 913, 'Atola'),
(2241, 913, 'Ator Nagla'),
(2242, 913, 'Atrauli'),
(2243, 913, 'Aurangabad Ristal'),
(2244, 913, 'B.B.Nagar'),
(2245, 913, 'Babugarh'),
(2246, 913, 'Bachhlota'),
(2247, 913, 'Badshahnpur Siroli'),
(2248, 913, 'Bagarpur'),
(2249, 913, 'Bahadurgarh'),
(2250, 913, 'Bajhera Kalan'),
(2251, 913, 'Bajhera Khurd'),
(2252, 913, 'Bankhanda'),
(2253, 913, 'Basantpur Sainthli'),
(2254, 913, 'Baxur'),
(2255, 913, 'Begmabad'),
(2256, 913, 'Behta Hazipur'),
(2257, 913, 'Bhadauli'),
(2258, 913, 'Bhadoli'),
(2259, 913, 'Bhadsiyana'),
(2260, 913, 'Bhaina Dholpur'),
(2261, 913, 'Bharat Nagar'),
(2262, 913, 'Bharna'),
(2263, 913, 'Bhatiyana'),
(2264, 913, 'Bhikanpur'),
(2265, 913, 'Bhojpur'),
(2266, 913, 'Bhup Kheri'),
(2267, 913, 'Bihuni'),
(2268, 913, 'Biraj Ghat'),
(2269, 913, 'Chajarsi'),
(2270, 913, 'Chamri'),
(2271, 913, 'Chander Nagar'),
(2272, 913, 'Chaupla'),
(2273, 913, 'Chhajupur'),
(2274, 913, 'Chhaprola'),
(2275, 913, 'Chhipyana'),
(2276, 913, 'Chikamberpur'),
(2277, 913, 'Chrori'),
(2278, 913, 'Churiyala'),
(2279, 913, 'Dadri'),
(2280, 913, 'Dahana'),
(2281, 913, 'Dasna'),
(2282, 913, 'Dasna Gate Ed'),
(2283, 913, 'Dasna R.S.'),
(2284, 913, 'Datiyana'),
(2285, 913, 'Dehpa Azampur'),
(2286, 913, 'Dehra Rampur'),
(2287, 913, 'Delhi Road'),
(2288, 913, 'Dhana'),
(2289, 913, 'Dhanaura'),
(2290, 913, 'Dhara'),
(2291, 913, 'Dhaulana'),
(2292, 913, 'Didoli'),
(2293, 913, 'Doohri'),
(2294, 913, 'Dosa Bangerpur'),
(2295, 913, 'Dotai'),
(2296, 913, 'Duhai'),
(2297, 913, 'Dundahara'),
(2298, 913, 'Farid Nagar'),
(2299, 913, 'Farrukh Nagar'),
(2300, 913, 'Galand'),
(2301, 913, 'Gandu Nagla'),
(2302, 913, 'Garh Town'),
(2303, 913, 'Garhmukteswar'),
(2304, 913, 'Ghaziabad'),
(2305, 913, 'Ghaziabad City'),
(2306, 913, 'Ghungrala'),
(2307, 913, 'Girdharpur Tmrel'),
(2308, 913, 'Gohrs Alamgirpur'),
(2309, 913, 'Govindpuram'),
(2310, 913, 'Govindpuri'),
(2311, 913, 'Gyan Lok'),
(2312, 913, 'Gyaspur'),
(2313, 913, 'Haidarpur'),
(2314, 913, 'Hapur'),
(2315, 913, 'Hapur Mandi'),
(2316, 913, 'Harmukhpuri'),
(2317, 913, 'Harsinghpur'),
(2318, 913, 'Hassanpur'),
(2319, 913, 'Hindan Nagar'),
(2320, 913, 'Hindon Air Field'),
(2321, 913, 'Hosdarpur'),
(2322, 913, 'I.E.Hapur'),
(2323, 913, 'I.E.Sahibabad'),
(2324, 913, 'Iklahdi'),
(2325, 913, 'Indirapuram'),
(2326, 913, 'Ingram Institute'),
(2327, 913, 'Jakhera Rahmatpur'),
(2328, 913, 'Jalalabad'),
(2329, 913, 'Jalalpur Dhindar'),
(2330, 913, 'Jaoli'),
(2331, 913, 'Jharina'),
(2332, 913, 'Jindal Nagar'),
(2333, 913, 'Kaila'),
(2334, 913, 'Kakra'),
(2335, 913, 'Kalchina'),
(2336, 913, 'Kamla Nehru Nagar'),
(2337, 913, 'Kanauja'),
(2338, 913, 'Kandaula'),
(2339, 913, 'Kanya Kalyanpur'),
(2340, 913, 'Kastala'),
(2341, 913, 'Kathikhera'),
(2342, 913, 'Kaushambi'),
(2343, 913, 'Kavi Nagar'),
(2344, 913, 'Khanjarpur'),
(2345, 913, 'Kharkhari'),
(2346, 913, 'Khera'),
(2347, 913, 'Khiluai'),
(2348, 913, 'Khimawati'),
(2349, 913, 'Khindora'),
(2350, 913, 'Kishan Ganj'),
(2351, 913, 'Kumhera'),
(2352, 913, 'Kushlia'),
(2353, 913, 'Loni'),
(2354, 913, 'Luhari'),
(2355, 913, 'Madarsa Sadat'),
(2356, 913, 'Mahendrapuri'),
(2357, 913, 'Mahmoodpur'),
(2358, 913, 'Mahmoodpur Palwara'),
(2359, 913, 'Makanpur'),
(2360, 913, 'Mandola'),
(2361, 913, 'Mathurawali'),
(2362, 913, 'Matnaurs'),
(2363, 913, 'Meerut Road'),
(2364, 913, 'Model Town'),
(2365, 913, 'Modi Nagar'),
(2366, 913, 'Modipon'),
(2367, 913, 'Mohan Nagar'),
(2368, 913, 'Mohd. Pur Khudaliya'),
(2369, 913, 'Morta'),
(2370, 913, 'Mubarikpur'),
(2371, 913, 'Mukeempur'),
(2372, 913, 'Murad Nagar'),
(2373, 913, 'Murad Nagar Bazar'),
(2374, 913, 'Murad Nagar Town'),
(2375, 913, 'Muradpur Janupura'),
(2376, 913, 'Nagla Akhu'),
(2377, 913, 'Nagola'),
(2378, 913, 'Nahal'),
(2379, 913, 'Nali Husainpur'),
(2380, 913, 'Nan'),
(2381, 913, 'Nanpur'),
(2382, 913, 'Nasratpura'),
(2383, 913, 'Nehru Nagar'),
(2384, 913, 'Nek Nanpur Nanai'),
(2385, 913, 'Nekpur'),
(2386, 913, 'New Market Pilkhauwa'),
(2387, 913, 'New Raj Nagar'),
(2388, 913, 'Nistoli'),
(2389, 913, 'Niwari'),
(2390, 913, 'Noorpur'),
(2391, 913, 'Old Raj Nagar'),
(2392, 913, 'Painga'),
(2393, 913, 'Parpa'),
(2394, 913, 'Pasonda'),
(2395, 913, 'Patel Nagar'),
(2396, 913, 'Patla'),
(2397, 913, 'Phagota'),
(2398, 913, 'Phuldehra'),
(2399, 913, 'Pilkhauwa Post Office'),
(2400, 913, 'Police Line Harsaon'),
(2401, 913, 'Postal Staff College'),
(2402, 913, 'Raghunathpur'),
(2403, 913, 'Raispur'),
(2404, 913, 'Rajapur'),
(2405, 913, 'Rajendra Nagar'),
(2406, 913, 'Rajethi'),
(2407, 913, 'Rampur Puth'),
(2408, 913, 'Ramte Ram Road'),
(2409, 913, 'Raoli Kalan'),
(2410, 913, 'Rasulpur'),
(2411, 913, 'Rewri Rewra'),
(2412, 913, 'Rly Road Hapur'),
(2413, 913, 'Rori'),
(2414, 913, 'Roza Yakubpur'),
(2415, 913, 'Sadarpur'),
(2416, 913, 'Sadullapur'),
(2417, 913, 'Sahibabad'),
(2418, 913, 'Saidpur'),
(2419, 913, 'Sakhpur'),
(2420, 913, 'Salarpur'),
(2421, 913, 'Samaipur'),
(2422, 913, 'Samana'),
(2423, 913, 'Sapnawat'),
(2424, 913, 'Sara'),
(2425, 913, 'Saunda'),
(2426, 913, 'Sector-27 Noida'),
(2427, 913, 'Sector-41 Noida'),
(2428, 913, 'Shah Mohiuddinpur'),
(2429, 913, 'Shahjahanpur'),
(2430, 913, 'Shahpur'),
(2431, 913, 'Shahpur Bamheta'),
(2432, 913, 'Shalimar Bagh'),
(2433, 913, 'Sharpur'),
(2434, 913, 'Shyampur Jatt'),
(2435, 913, 'Sikandarpur Kakori'),
(2436, 913, 'Sikhera'),
(2437, 913, 'Sikri Kalan'),
(2438, 913, 'Sikri Khurd'),
(2439, 913, 'Simbhaoli'),
(2440, 913, 'Solana'),
(2441, 913, 'Sultanpur'),
(2442, 913, 'Surana'),
(2443, 913, 'Surya Nagar'),
(2444, 913, 'Talhata'),
(2445, 913, 'Tatarpur'),
(2446, 913, 'Teela Sahbazpur'),
(2447, 913, 'Tibra'),
(2448, 913, 'Tyori'),
(2449, 913, 'Udai Rampur Nagla'),
(2450, 913, 'Upera'),
(2451, 913, 'Vaishali'),
(2452, 913, 'Vasundhra'),
(2453, 913, 'Vijai Nagar'),
(2454, 913, 'Wait'),
(2455, 961, 'Achheja'),
(2456, 961, 'Dadri'),
(2457, 961, 'Gejha'),
(2458, 961, 'Greater Noida '),
(2459, 961, 'Greater Noida Expressway'),
(2460, 961, 'Hoisiery Complex'),
(2461, 961, 'I.A. Surajpur'),
(2462, 961, 'Kasna'),
(2463, 961, 'Khabra Khanpur'),
(2464, 961, 'Khora Gaon'),
(2465, 961, 'Noida'),
(2466, 961, 'Noida Sector 1'),
(2467, 961, 'Noida Sector 10'),
(2468, 961, 'Noida Sector 110'),
(2469, 961, 'Noida Sector 12'),
(2470, 961, 'Noida Sector 125'),
(2471, 961, 'Noida Sector 135'),
(2472, 961, 'Noida Sector 15'),
(2473, 961, 'Noida Sector 16'),
(2474, 961, 'Noida Sector 18'),
(2475, 961, 'Noida Sector 19'),
(2476, 961, 'Noida Sector 2'),
(2477, 961, 'Noida Sector 20'),
(2478, 961, 'Noida Sector 22'),
(2479, 961, 'Noida Sector 26'),
(2480, 961, 'Noida Sector 27'),
(2481, 961, 'Noida Sector 29'),
(2482, 961, 'Noida Sector 3'),
(2483, 961, 'Noida Sector 30'),
(2484, 961, 'Noida Sector 33'),
(2485, 961, 'Noida Sector 34'),
(2486, 961, 'Noida Sector 35'),
(2487, 961, 'Noida Sector 36'),
(2488, 961, 'Noida Sector 37'),
(2489, 961, 'Noida Sector 41'),
(2490, 961, 'Noida Sector 44'),
(2491, 961, 'Noida Sector 45'),
(2492, 961, 'Noida Sector 47'),
(2493, 961, 'Noida Sector 50'),
(2494, 961, 'Noida Sector 56'),
(2495, 961, 'Noida Sector 58'),
(2496, 961, 'Noida Sector 6'),
(2497, 961, 'Noida Sector 60'),
(2498, 961, 'Noida Sector 61'),
(2499, 961, 'Noida Sector 62'),
(2500, 961, 'Noida Sector 63'),
(2501, 961, 'Noida Sector 64'),
(2502, 961, 'Noida Sector 75'),
(2503, 961, 'Noida Sector 78'),
(2504, 961, 'Noida Sector 8'),
(2505, 961, 'Noida Sector 82'),
(2506, 961, 'Noida Sector 93'),
(2507, 961, 'Salarpur Kalan'),
(2508, 961, 'Secto 53'),
(2509, 961, 'Sector 1'),
(2510, 961, 'Sector 11'),
(2511, 961, 'Sector 15'),
(2512, 961, 'Sector 15A'),
(2513, 961, 'Sector 17'),
(2514, 961, 'Sector 18'),
(2515, 961, 'Sector 19'),
(2516, 961, 'Sector 22'),
(2517, 961, 'Sector 27'),
(2518, 961, 'Sector 28'),
(2519, 961, 'Sector 29'),
(2520, 961, 'Sector 31'),
(2521, 961, 'Sector 46'),
(2522, 961, 'Sector 47'),
(2523, 961, 'Sector 48'),
(2524, 961, 'Sector 49'),
(2525, 961, 'Sector 50'),
(2526, 961, 'Sector 52'),
(2527, 961, 'Sector 53'),
(2528, 961, 'Sector 56'),
(2529, 961, 'Sector 57'),
(2530, 961, 'Sector 59'),
(2531, 961, 'Sector 60'),
(2532, 961, 'Sector 61'),
(2533, 961, 'Sector 63'),
(2534, 961, 'Sector 7'),
(2535, 961, 'Sector 71'),
(2536, 961, 'Sector 72'),
(2537, 961, 'Sector-12 Noida'),
(2538, 961, 'Sector-30 Noida'),
(2539, 961, 'Sector-34 Noida'),
(2540, 961, 'Sector-37 Noida'),
(2541, 961, 'Sector-45 Noida'),
(2542, 961, 'Sector-51'),
(2543, 961, 'Sector-55 Noida'),
(2544, 961, 'Sector-62 Noida'),
(2545, 961, 'Sector-71'),
(2546, 961, 'Tilapta Karanwas'),
(2547, 1003, 'Ardee City'),
(2548, 1003, 'Arjun Nagar'),
(2549, 1003, 'Badli'),
(2550, 1003, 'Badshahpur'),
(2551, 1003, 'Basai Road'),
(2552, 1003, 'Bisru'),
(2553, 1003, 'Budhera'),
(2554, 1003, 'Chakkarpur'),
(2555, 1003, 'Civil Lines'),
(2556, 1003, 'DLF Phase I'),
(2557, 1003, 'DLF Phase II'),
(2558, 1003, 'DLF Phase III'),
(2559, 1003, 'DLF Phase IV'),
(2560, 1003, 'DLF QE'),
(2561, 1003, 'Gurgaon'),
(2562, 1003, 'Gurgaon Kty.'),
(2563, 1003, 'Gurgaon Sector 10'),
(2564, 1003, 'Gurgaon Sector 12'),
(2565, 1003, 'Gurgaon Sector 14'),
(2566, 1003, 'Gurgaon Sector 15'),
(2567, 1003, 'Gurgaon Sector 16'),
(2568, 1003, 'Gurgaon Sector 17'),
(2569, 1003, 'Gurgaon Sector 18'),
(2570, 1003, 'Gurgaon Sector 21'),
(2571, 1003, 'Gurgaon Sector 22'),
(2572, 1003, 'Gurgaon Sector 23'),
(2573, 1003, 'Gurgaon Sector 24'),
(2574, 1003, 'Gurgaon Sector 27'),
(2575, 1003, 'Gurgaon Sector 29'),
(2576, 1003, 'Gurgaon Sector 31'),
(2577, 1003, 'Gurgaon Sector 32'),
(2578, 1003, 'Gurgaon Sector 37'),
(2579, 1003, 'Gurgaon Sector 38'),
(2580, 1003, 'Gurgaon Sector 4'),
(2581, 1003, 'Gurgaon Sector 43'),
(2582, 1003, 'Gurgaon Sector 45'),
(2583, 1003, 'Gurgaon Sector 46'),
(2584, 1003, 'Gurgaon Sector 49'),
(2585, 1003, 'Gurgaon Sector 5'),
(2586, 1003, 'Gurgaon Sector 50'),
(2587, 1003, 'Gurgaon Sector 51'),
(2588, 1003, 'Gurgaon Sector 52'),
(2589, 1003, 'Gurgaon Sector 55'),
(2590, 1003, 'Gurgaon Sector 56'),
(2591, 1003, 'Gurgaon Sector 57'),
(2592, 1003, 'Gurgaon Sector 7'),
(2593, 1003, 'Gurgaon Village'),
(2594, 1003, 'Gurgaon sector 39'),
(2595, 1003, 'Housing Board Colony'),
(2596, 1003, 'Indir Mewat'),
(2597, 1003, 'Khandsa'),
(2598, 1003, 'Manesar'),
(2599, 1003, 'Maruthi Kunj'),
(2600, 1003, 'Megha Traders Ltd, Dundahera'),
(2601, 1003, 'Mirpur'),
(2602, 1003, 'Narhera'),
(2603, 1003, 'New Colony'),
(2604, 1003, 'Palam Vihar'),
(2605, 1003, 'Pataudi'),
(2606, 1003, 'Railway Road'),
(2607, 1003, 'Sector 10A'),
(2608, 1003, 'Sector 14'),
(2609, 1003, 'Sector 30'),
(2610, 1003, 'Sector 33'),
(2611, 1003, 'Sector 40'),
(2612, 1003, 'Sector 47'),
(2613, 1003, 'Sector 50'),
(2614, 1003, 'Sherpur'),
(2615, 1003, 'Shivaji Nagar'),
(2616, 1003, 'Sidhrawali'),
(2617, 1003, 'Sikanderpur'),
(2618, 1003, 'Sohna'),
(2619, 1003, 'Sohna Road'),
(2620, 1003, 'South City-I'),
(2621, 1003, 'South City-II'),
(2622, 1003, 'Sushant Lok I'),
(2623, 1003, 'Sushant Lok II'),
(2624, 1003, 'Sushant Lok III'),
(2625, 1003, 'USAPL Dundahera Ph-5');

-- --------------------------------------------------------

--
-- Table structure for table `sb__medical_questions`
--

CREATE TABLE IF NOT EXISTS `sb__medical_questions` (
`id` int(9) NOT NULL,
  `questions` varchar(255) NOT NULL,
  `status` smallint(2) NOT NULL
) ENGINE=InnoDB DEFAULT CHARSET=latin1 AUTO_INCREMENT=1 ;

-- --------------------------------------------------------

--
-- Table structure for table `sb__state`
--

CREATE TABLE IF NOT EXISTS `sb__state` (
`id` int(9) NOT NULL,
  `state` varchar(255) NOT NULL
) ENGINE=InnoDB  DEFAULT CHARSET=latin1 AUTO_INCREMENT=34 ;

--
-- Dumping data for table `sb__state`
--

INSERT INTO `sb__state` (`id`, `state`) VALUES
(1, 'Andaman and Nicobar Islands'),
(2, 'Andhra Pradesh'),
(3, 'Arunachal Pradesh'),
(4, 'Assam'),
(5, 'Bihar'),
(6, 'Chandigarh'),
(7, 'Chhattisgarh'),
(8, 'Delhi-NCR'),
(9, 'Goa'),
(10, 'Gujarat'),
(11, 'Haryana'),
(12, 'Himachal Pradesh'),
(13, 'Jammu and Kashmir'),
(15, 'Jharkhand'),
(16, 'Karnataka'),
(17, 'Kerala'),
(18, 'Madhya Pradesh'),
(19, 'Maharashtra'),
(20, 'Manipur'),
(21, 'Meghalaya'),
(22, 'Mizoram'),
(23, 'Nagaland'),
(24, 'Orissa'),
(25, 'Pondicherry'),
(26, 'Punjab'),
(27, 'Rajasthan'),
(28, 'Tamil Nadu'),
(29, 'Telangana'),
(30, 'Tripura'),
(31, 'Uttar Pradesh'),
(32, 'Uttaranchal'),
(33, 'West Bengal');

-- --------------------------------------------------------

--
-- Table structure for table `sb__user_cardio_workout`
--

CREATE TABLE IF NOT EXISTS `sb__user_cardio_workout` (
`id` int(9) NOT NULL,
  `user_id` int(9) NOT NULL,
  `workout_id` int(9) NOT NULL,
  `duration` double NOT NULL,
  `distance` double NOT NULL,
  `calories` double NOT NULL,
  `notes` text NOT NULL,
  `added_on` timestamp NOT NULL DEFAULT CURRENT_TIMESTAMP ON UPDATE CURRENT_TIMESTAMP,
  `updated_on` timestamp NOT NULL DEFAULT '0000-00-00 00:00:00',
  `added_by` int(9) NOT NULL,
  `updated_by` int(9) NOT NULL,
  `status` smallint(2) NOT NULL,
  `is_complete` smallint(2) NOT NULL
) ENGINE=InnoDB DEFAULT CHARSET=latin1 AUTO_INCREMENT=1 ;

-- --------------------------------------------------------

--
-- Table structure for table `sb__user_details`
--

CREATE TABLE IF NOT EXISTS `sb__user_details` (
`id` int(9) NOT NULL,
  `avtar` varchar(255) NOT NULL,
  `address_line1` varchar(255) NOT NULL,
  `addredd_line2` varchar(255) NOT NULL,
  `locality` int(9) NOT NULL,
  `city` int(9) NOT NULL,
  `state` int(9) NOT NULL,
  `pincode` int(9) NOT NULL,
  `dob` varchar(100) NOT NULL,
  `gender` smallint(2) NOT NULL,
  `user_id` int(9) NOT NULL,
  `added_on` timestamp NOT NULL DEFAULT CURRENT_TIMESTAMP ON UPDATE CURRENT_TIMESTAMP,
  `updated_on` timestamp NOT NULL DEFAULT '0000-00-00 00:00:00',
  `added_by` int(9) NOT NULL,
  `updated_by` int(9) NOT NULL
) ENGINE=InnoDB  DEFAULT CHARSET=latin1 AUTO_INCREMENT=2 ;

--
-- Dumping data for table `sb__user_details`
--

INSERT INTO `sb__user_details` (`id`, `avtar`, `address_line1`, `addredd_line2`, `locality`, `city`, `state`, `pincode`, `dob`, `gender`, `user_id`, `added_on`, `updated_on`, `added_by`, `updated_by`) VALUES
(1, '', '', '', 1, 428, 16, 0, '03/07/1988', 1, 5, '2015-03-24 11:40:20', '0000-00-00 00:00:00', 2, 2);

-- --------------------------------------------------------

--
-- Table structure for table `sb__user_measurements`
--

CREATE TABLE IF NOT EXISTS `sb__user_measurements` (
`id` int(9) NOT NULL,
  `user_id` int(9) NOT NULL,
  `weight` double NOT NULL,
  `height` double NOT NULL,
  `neck` double NOT NULL,
  `shoulder` double NOT NULL,
  `chest_in` double NOT NULL,
  `chest_exp` double NOT NULL,
  `u_abd` double NOT NULL,
  `l_abd` double NOT NULL,
  `waist` double NOT NULL,
  `hips` double NOT NULL,
  `u_thighs` double NOT NULL,
  `l_thighs` double NOT NULL,
  `calves` double NOT NULL,
  `right_u_arm` double NOT NULL,
  `right_l_arm` double NOT NULL,
  `left_u_arm` double NOT NULL,
  `left_l_arm` double NOT NULL,
  `wrist` double NOT NULL,
  `rhr` double NOT NULL,
  `added_on` int(9) NOT NULL,
  `added_by` timestamp NOT NULL DEFAULT CURRENT_TIMESTAMP ON UPDATE CURRENT_TIMESTAMP,
  `updated_on` int(9) NOT NULL,
  `updated_by` timestamp NOT NULL DEFAULT '0000-00-00 00:00:00',
  `notes` text NOT NULL,
  `status` int(11) NOT NULL
) ENGINE=InnoDB DEFAULT CHARSET=latin1 AUTO_INCREMENT=1 ;

-- --------------------------------------------------------

--
-- Table structure for table `sb__user_non_cardio_workout`
--

CREATE TABLE IF NOT EXISTS `sb__user_non_cardio_workout` (
`id` int(9) NOT NULL,
  `user_id` int(9) NOT NULL,
  `workout_id` int(9) NOT NULL,
  `set` smallint(2) NOT NULL,
  `weight` double NOT NULL,
  `repetition` smallint(4) NOT NULL,
  `added_on` timestamp NOT NULL DEFAULT CURRENT_TIMESTAMP ON UPDATE CURRENT_TIMESTAMP,
  `updated_on` timestamp NOT NULL DEFAULT '0000-00-00 00:00:00',
  `added_by` int(9) NOT NULL,
  `updated_by` int(9) NOT NULL,
  `status` smallint(2) NOT NULL,
  `is_complete` smallint(2) NOT NULL
) ENGINE=InnoDB DEFAULT CHARSET=latin1 AUTO_INCREMENT=1 ;

-- --------------------------------------------------------

--
-- Table structure for table `sb__user_physical_details`
--

CREATE TABLE IF NOT EXISTS `sb__user_physical_details` (
`id` int(9) NOT NULL,
  `current_weight` double NOT NULL,
  `goal_weight` double NOT NULL,
  `height` double NOT NULL,
  `medical_history` text NOT NULL,
  `added_on` timestamp NOT NULL DEFAULT CURRENT_TIMESTAMP ON UPDATE CURRENT_TIMESTAMP,
  `updated_on` timestamp NOT NULL DEFAULT '0000-00-00 00:00:00',
  `added_by` int(9) NOT NULL,
  `updated_by` int(9) NOT NULL,
  `user_id` int(9) NOT NULL
) ENGINE=InnoDB DEFAULT CHARSET=latin1 AUTO_INCREMENT=1 ;

-- --------------------------------------------------------

--
-- Table structure for table `sb__workouts`
--

CREATE TABLE IF NOT EXISTS `sb__workouts` (
`id` int(11) NOT NULL,
  `worktype_id` int(11) NOT NULL,
  `name` varchar(255) NOT NULL,
  `intensity` varchar(255) DEFAULT NULL,
  `met` float DEFAULT NULL,
  `status` tinyint(4) NOT NULL DEFAULT '1'
) ENGINE=InnoDB  DEFAULT CHARSET=latin1 AUTO_INCREMENT=750 ;

--
-- Dumping data for table `sb__workouts`
--

INSERT INTO `sb__workouts` (`id`, `worktype_id`, `name`, `intensity`, `met`, `status`) VALUES
(57, 3, 'Ab Crunch Machine', 'Moderate', 5.5, 1),
(58, 3, 'Ab Roller', 'Moderate', 4, 1),
(59, 3, 'Advanced Kettlebell Windmill', 'Moderate', 5.5, 1),
(60, 3, 'Air Bike', 'Moderate', 5.5, 1),
(61, 3, 'Alternate Heel Touchers', 'Moderate', 4, 1),
(62, 3, 'Barbell Ab Rollout', 'Moderate', 5.5, 1),
(63, 3, 'Barbell Ab Rollout - On Knees', 'Moderate', 4, 1),
(64, 3, 'Barbell Rollout from Bench', 'Moderate', 4, 1),
(65, 3, 'Barbell Side Bend', 'Moderate', 5.5, 1),
(66, 3, 'Bent Press', 'Moderate', 5.5, 1),
(67, 3, 'Bent-Knee Hip Raise', 'Moderate', 5.5, 1),
(68, 3, 'Bosu Ball Cable Crunch With Side Bends', 'Moderate', 4, 1),
(69, 3, 'Bottoms Up', 'Moderate', 4, 1),
(70, 3, 'Butt-Ups', 'Moderate', 5.5, 1),
(71, 3, 'Cable Crunch', 'Moderate', 4, 1),
(72, 3, 'Cable Judo Flip', 'Moderate', 5.5, 1),
(73, 3, 'Cable Reverse Crunch', 'Moderate', 4, 1),
(74, 3, 'Cable Russian Twists', 'Moderate', 4, 1),
(75, 3, 'Cable Seated Crunch', 'Moderate', 5.5, 1),
(76, 3, 'Cable Tuck Reverse Crunch', 'Moderate', 5.5, 1),
(77, 3, 'Cocoons', 'Moderate', 4, 1),
(78, 3, 'Cross-Body Crunch', 'Moderate', 4, 1),
(79, 3, 'Crunch - Hands Overhead', 'Moderate', 5.5, 1),
(80, 3, 'Crunch - Legs On Exercise Ball', 'Moderate', 5.5, 1),
(81, 3, 'Crunches', 'Moderate', 5.5, 1),
(82, 3, 'Decline Crunch', 'Moderate', 4, 1),
(83, 3, 'Decline Oblique Crunch', 'Moderate', 4, 1),
(84, 3, 'Decline Reverse Crunch', 'Moderate', 5.5, 1),
(85, 3, 'Double Kettlebell Windmill', 'Moderate', 4, 1),
(86, 3, 'Dumbbell Side Bend', 'Moderate', 4, 1),
(87, 3, 'Elbow to Knee', 'Moderate', 5.5, 1),
(88, 3, 'Exercise Ball Crunch', 'Moderate', 4, 1),
(89, 3, 'Exercise Ball Pull-In', 'Moderate', 5.5, 1),
(90, 3, 'Flat Bench Leg Pull-In', 'Moderate', 5.5, 1),
(91, 3, 'Flat Bench Lying Leg Raise', 'Moderate', 4, 1),
(92, 3, 'Frog Sit-Ups', 'Moderate', 4, 1),
(93, 3, 'Gorilla Chin/Crunch', 'Moderate', 5.5, 1),
(94, 3, 'Hanging Leg Raise', 'Moderate', 5.5, 1),
(95, 3, 'Hanging Pike', 'Moderate', 4, 1),
(96, 3, 'Jackknife Sit-Up', 'Moderate', 4, 1),
(97, 3, 'Janda Sit-Up', 'Moderate', 5.5, 1),
(98, 3, 'Kettlebell Figure ', 'Moderate', 4, 1),
(99, 3, 'Kettlebell Pass Between The Legs', 'Moderate', 5.5, 1),
(100, 3, 'Kettlebell Windmill', 'Moderate', 5.5, 1),
(101, 3, 'Knee/Hip Raise On Parallel Bars', 'Moderate', 4, 1),
(102, 3, 'Kneeling Cable Crunch With Alternating Oblique Twists', 'Moderate', 4, 1),
(103, 3, 'Landmine 0s', 'Moderate', 5.5, 1),
(104, 3, 'Leg Pull-In', 'Moderate', 5.5, 1),
(105, 3, 'Lower Back Curl', 'Moderate', 4, 1),
(106, 3, 'Medicine Ball Full Twist', 'Moderate', 4, 1),
(107, 3, 'Oblique Crunches', 'Moderate', 5.5, 1),
(108, 3, 'Oblique Crunches - On The Floor', 'Moderate', 5.5, 1),
(109, 3, 'One-Arm High-Pulley Cable Side Bends', 'Moderate', 5.5, 1),
(110, 3, 'One-Arm Medicine Ball Slam', 'Moderate', 4, 1),
(111, 3, 'Otis-Up', 'Moderate', 5.5, 1),
(112, 3, 'Overhead Stretch', 'Moderate', 5.5, 1),
(113, 3, 'Pallof Press With Rotation', 'Moderate', 4, 1),
(114, 3, 'Plank', 'Moderate', 4, 1),
(115, 3, 'Plate Twist', 'Moderate', 4, 1),
(116, 3, 'Press Sit-Up', 'Moderate', 5.5, 1),
(117, 3, 'Reverse Crunch', 'Moderate', 5.5, 1),
(118, 3, 'Rope Crunch', 'Moderate', 4, 1),
(119, 3, 'Russian Twist', 'Moderate', 5.5, 1),
(120, 3, 'Scissor Kick', 'Moderate', 5.5, 1),
(121, 3, 'Seated Barbell Twist', 'Moderate', 4, 1),
(122, 3, 'Seated Flat Bench Leg Pull-In', 'Moderate', 4, 1),
(123, 3, 'Seated Leg Tucks', 'Moderate', 5.5, 1),
(124, 3, 'Seated Overhead Stretch', 'Moderate', 5.5, 1),
(125, 3, 'Side Bridge', 'Moderate', 5.5, 1),
(126, 3, 'Side Jackknife', 'Moderate', 4, 1),
(127, 3, 'Sit-Up', 'Moderate', 8, 1),
(128, 3, 'Sledgehammer Swings', 'Moderate', 5.5, 1),
(129, 3, 'Smith Machine Hip Raise', 'Moderate', 5.5, 1),
(130, 3, 'Spell Caster', 'Moderate', 4, 1),
(131, 3, 'Spider Crawl', 'Moderate', 4, 1),
(132, 3, 'Standing Cable Lift', 'Moderate', 5.5, 1),
(133, 3, 'Standing Cable Wood Chop', 'Moderate', 5.5, 1),
(134, 3, 'Standing Lateral Stretch', 'Moderate', 4, 1),
(135, 3, 'Standing Rope Crunch', 'Moderate', 4, 1),
(136, 3, 'Stomach Vacuum', 'Moderate', 4, 1),
(137, 3, 'Supine One-Arm Overhead Throw', 'Moderate', 5.5, 1),
(138, 3, 'Supine Two-Arm Overhead Throw', 'Moderate', 5.5, 1),
(139, 3, 'Suspended Reverse Crunch', 'Moderate', 4, 1),
(140, 3, 'Toe Touchers', 'Moderate', 5.5, 1),
(141, 3, 'Torso Rotation', 'Moderate', 5.5, 1),
(142, 3, 'Tuck Crunch', 'Moderate', 5.5, 1),
(143, 3, 'Weighted Ball Side Bend', 'Moderate', 4, 1),
(144, 3, 'Weighted Crunches', 'Moderate', 4, 1),
(145, 3, 'Weighted Sit-Ups - With Bands', 'Moderate', 5.5, 1),
(146, 3, 'Wind Sprints', 'Moderate', 5.5, 1),
(147, 4, 'Alternate Hammer Curl', 'Moderate', 5.5, 1),
(148, 4, 'Alternate Incline Dumbbell Curl', 'Moderate', 5.5, 1),
(149, 4, 'Barbell Curl', 'Moderate', 4, 1),
(150, 4, 'Barbell Curls Lying Against An Incline', 'Moderate', 4, 1),
(151, 4, 'Brachialis-SMR', 'Moderate', 4, 1),
(152, 4, 'Cable Hammer Curls - Rope Attachment', 'Moderate', 5.5, 1),
(153, 4, 'Cable Preacher Curl', 'Moderate', 4, 1),
(154, 4, 'Close-Grip EZ Bar Curl', 'Moderate', 4, 1),
(155, 4, 'Close-Grip EZ-Bar Curl with Band', 'Moderate', 5.5, 1),
(156, 4, 'Close-Grip Standing Barbell Curl', 'Moderate', 4, 1),
(157, 4, 'Concentration Curls', 'Moderate', 4, 1),
(158, 4, 'Cross Body Hammer Curl', 'Moderate', 5.5, 1),
(159, 4, 'Drag Curl', 'Moderate', 5.5, 1),
(160, 4, 'Dumbbell Alternate Bicep Curl', 'Moderate', 5.5, 1),
(161, 4, 'Dumbbell Bicep Curl', 'Moderate', 4, 1),
(162, 4, 'Dumbbell Prone Incline Curl', 'Moderate', 4, 1),
(163, 4, 'EZ-Bar Curl', 'Moderate', 5.5, 1),
(164, 4, 'Flexor Incline Dumbbell Curls', 'Moderate', 5.5, 1),
(165, 4, 'Hammer Curls', 'Moderate', 4, 1),
(166, 4, 'High Cable Curls', 'Moderate', 5.5, 1),
(167, 4, 'Incline Dumbbell Curl', 'Moderate', 5.5, 1),
(168, 4, 'Incline Hammer Curls', 'Moderate', 4, 1),
(169, 4, 'Incline Inner Biceps Curl', 'Moderate', 4, 1),
(170, 4, 'Lying Cable Curl', 'Moderate', 5.5, 1),
(171, 4, 'Lying Close-Grip Bar Curl On High Pulley', 'Moderate', 5.5, 1),
(172, 4, 'Lying High Bench Barbell Curl', 'Moderate', 4, 1),
(173, 4, 'Lying Supine Dumbbell Curl', 'Moderate', 5.5, 1),
(174, 4, 'Machine Bicep Curl', 'Moderate', 4, 1),
(175, 4, 'Machine Preacher Curls', 'Moderate', 4, 1),
(176, 4, 'One Arm Dumbbell Preacher Curl', 'Moderate', 5.5, 1),
(177, 4, 'Overhead Cable Curl', 'Moderate', 5.5, 1),
(178, 4, 'Preacher Curl', 'Moderate', 4, 1),
(179, 4, 'Preacher Hammer Dumbbell Curl', 'Moderate', 4, 1),
(180, 4, 'Reverse Barbell Curl', 'Moderate', 5.5, 1),
(181, 4, 'Reverse Barbell Preacher Curls', 'Moderate', 4, 1),
(182, 4, 'Reverse Cable Curl', 'Moderate', 5.5, 1),
(183, 4, 'Reverse Plate Curls', 'Moderate', 5.5, 1),
(184, 4, 'Seated Biceps', 'Moderate', 4, 1),
(185, 4, 'Seated Close-Grip Concentration Barbell Curl', 'Moderate', 5.5, 1),
(186, 4, 'Seated Dumbbell Curl', 'Moderate', 4, 1),
(187, 4, 'Seated Dumbbell Inner Biceps Curl', 'Moderate', 5.5, 1),
(188, 4, 'Spider Curl', 'Moderate', 5.5, 1),
(189, 4, 'Standing Biceps Cable Curl', 'Moderate', 5.5, 1),
(190, 4, 'Standing Biceps Stretch', 'Moderate', 4, 1),
(191, 4, 'Standing Concentration Curl', 'Moderate', 4, 1),
(192, 4, 'Standing Dumbbell Reverse Curl', 'Moderate', 5.5, 1),
(193, 4, 'Standing Inner-Biceps Curl', 'Moderate', 4, 1),
(194, 4, 'Standing One-Arm Cable Curl', 'Moderate', 4, 1),
(195, 4, 'Standing One-Arm Dumbbell Curl Over Incline Bench', 'Moderate', 5.5, 1),
(196, 4, 'Two-Arm Dumbbell Preacher Curl', 'Moderate', 4, 1),
(197, 4, 'Wide-Grip Standing Barbell Curl', 'Moderate', 4, 1),
(198, 4, 'Zottman Curl', 'Moderate', 5.5, 1),
(199, 4, 'Zottman Preacher Curl', 'Moderate', 4, 1),
(200, 5, 'Alternating Floor Press', 'Moderate', 5.5, 1),
(201, 5, 'Around The Worlds', 'Moderate', 5.5, 1),
(202, 5, 'Barbell Bench Press - Medium Grip', 'Moderate', 4, 1),
(203, 5, 'Barbell Guillotine Bench Press', 'Moderate', 4, 1),
(204, 5, 'Barbell Incline Bench Press - Medium Grip', 'Moderate', 5.5, 1),
(205, 5, 'Behind Head Chest Stretch', 'Moderate', 4, 1),
(206, 5, 'Bench Press - With Bands', 'Moderate', 5.5, 1),
(207, 5, 'Bent-Arm Dumbbell Pullover', 'Moderate', 5.5, 1),
(208, 5, 'Bodyweight Flyes', 'Moderate', 4, 1),
(209, 5, 'Butterfly', 'Moderate', 11, 1),
(210, 5, 'Cable Chest Press', 'Moderate', 5.5, 1),
(211, 5, 'Cable Crossover', 'Moderate', 4, 1),
(212, 5, 'Cable Iron Cross', 'Moderate', 5.5, 1),
(213, 5, 'Chain Press', 'Moderate', 5.5, 1),
(214, 5, 'Chest And Front Of Shoulder Stretch', 'Moderate', 4, 1),
(215, 5, 'Chest Push (multiple response)', 'Moderate', 4, 1),
(216, 5, 'Chest Push (single response)', 'Moderate', 5.5, 1),
(217, 5, 'Chest Push from 3 point stance', 'Moderate', 4, 1),
(218, 5, 'Chest Push with Run Release', 'Moderate', 5.5, 1),
(219, 5, 'Chest Stretch on Stability Ball', 'Moderate', 5.5, 1),
(220, 5, 'Clock Push-Up', 'Moderate', 4, 1),
(221, 5, 'Cross Over - With Bands', 'Moderate', 5.5, 1),
(222, 5, 'Decline Barbell Bench Press', 'Moderate', 4, 1),
(223, 5, 'Decline Dumbbell Bench Press', 'Moderate', 4, 1),
(224, 5, 'Decline Dumbbell Flyes', 'Moderate', 5.5, 1),
(225, 5, 'Decline Push-Up', 'Moderate', 55, 1),
(226, 5, 'Decline Smith Press', 'Moderate', 4, 1),
(227, 5, 'Dips - Chest Version', 'Moderate', 4, 1),
(228, 5, 'Drop Push', 'Moderate', 5.5, 1),
(229, 5, 'Dumbbell Bench Press', 'Moderate', 5.5, 1),
(230, 5, 'Dumbbell Bench Press with Neutral Grip', 'Moderate', 4, 1),
(231, 5, 'Dumbbell Flyes', 'Moderate', 5.5, 1),
(232, 5, 'Dynamic Chest Stretch', 'Moderate', 4, 1),
(233, 5, 'Elbows Back', 'Moderate', 5.5, 1),
(234, 5, 'Extended Range One-Arm Kettlebell Floor Press', 'Moderate', 5.5, 1),
(235, 5, 'Flat Bench Cable Flyes', 'Moderate', 4, 1),
(236, 5, 'Forward Drag with Press', 'Moderate', 4, 1),
(237, 5, 'Front Raise And Pullover', 'Moderate', 4, 1),
(238, 5, 'Hammer Grip Incline DB Bench Press', 'Moderate', 5, 1),
(239, 5, 'Heavy Bag Thrust', 'Moderate', 5.5, 1),
(240, 5, 'Incline Cable Chest Press', 'Moderate', 4, 1),
(241, 5, 'Incline Cable Flye', 'Moderate', 5.5, 1),
(242, 5, 'Incline Dumbbell Bench With Palms Facing In', 'Moderate', 5.5, 1),
(243, 5, 'Incline Dumbbell Flyes', 'Moderate', 5.5, 1),
(244, 5, 'Incline Dumbbell Flyes - With A Twist', 'Moderate', 4, 1),
(245, 5, 'Incline Dumbbell Press', 'Moderate', 5.5, 1),
(246, 5, 'Incline Push-Up', 'Moderate', 4, 1),
(247, 5, 'Incline Push-Up Depth Jump', 'Moderate', 5.5, 1),
(248, 5, 'Incline Push-Up Medium', 'Moderate', 4, 1),
(249, 5, 'Incline Push-Up Reverse Grip', 'Moderate', 4, 1),
(250, 5, 'Incline Push-Up Wide', 'Moderate', 5.5, 1),
(251, 5, 'Isometric Chest Squeezes', 'Moderate', 5.5, 1),
(252, 5, 'Isometric Wipers', 'Moderate', 4, 1),
(253, 5, 'Leg-Over Floor Press', 'Moderate', 5.5, 1),
(254, 5, 'Leverage Chest Press', 'Moderate', 5.5, 1),
(255, 5, 'Leverage Decline Chest Press', 'Moderate', 4, 1),
(256, 5, 'Leverage Incline Chest Press', 'Moderate', 5.5, 1),
(257, 5, 'Low Cable Crossover', 'Moderate', 5.5, 1),
(258, 5, 'Machine Bench Press', 'Moderate', 4, 1),
(259, 5, 'Medicine Ball Chest Pass', 'Moderate', 4, 1),
(260, 5, 'Neck Press', 'Moderate', 5.5, 1),
(261, 5, 'One Arm Dumbbell Bench Press', 'Moderate', 4, 1),
(262, 5, 'One-Arm Flat Bench Dumbbell Flye', 'Moderate', 5.5, 1),
(263, 5, 'One-Arm Kettlebell Floor Press', 'Moderate', 5.5, 1),
(264, 5, 'Plyo Kettlebell Pushups', 'Moderate', 5.5, 1),
(265, 5, 'Plyo Push-up', 'Moderate', 4, 1),
(266, 5, 'Push Up to Side Plank', 'Moderate', 4, 1),
(267, 5, 'Push-Up Wide', 'Moderate', 5.5, 1),
(268, 5, 'Push-Ups With Feet Elevated', 'Moderate', 5.5, 1),
(269, 5, 'Push-Ups With Feet On An Exercise Ball', 'Moderate', 4, 1),
(270, 5, 'Pushups', 'Moderate', 8, 1),
(271, 5, 'Pushups (Close and Wide Hand Positions)', 'Moderate', 5.5, 1),
(272, 5, 'Single-Arm Cable Crossover', 'Moderate', 5.5, 1),
(273, 5, 'Single-Arm Push-Up', 'Moderate', 4, 1),
(274, 5, 'Smith Machine Bench Press', 'Moderate', 4, 1),
(275, 5, 'Smith Machine Decline Press', 'Moderate', 5.5, 1),
(276, 5, 'Smith Machine Incline Bench Press', 'Moderate', 5.5, 1),
(277, 5, 'Standing Cable Chest Press', 'Moderate', 5.5, 1),
(278, 5, 'Straight-Arm Dumbbell Pullover', 'Moderate', 4, 1),
(279, 5, 'Suspended Push-Up', 'Moderate', 4, 1),
(280, 5, 'Wide-Grip Barbell Bench Press', 'Moderate', 5.5, 1),
(281, 5, 'Wide-Grip Decline Barbell Bench Press', 'Moderate', 4, 1),
(282, 5, 'Wide-Grip Decline Barbell Pullover', 'Moderate', 5.5, 1),
(283, 6, 'Band Assisted Pull-Up', 'Moderate', 5.5, 1),
(284, 6, 'Bent-Arm Barbell Pullover', 'Moderate', 5.5, 1),
(285, 6, 'Cable Incline Pushdown', 'Moderate', 4, 1),
(286, 6, 'Catch and Overhead Throw', 'Moderate', 4, 1),
(287, 6, 'Chair Lower Back Stretch', 'Moderate', 5.5, 1),
(288, 6, 'Chin-Up', 'Moderate', 4, 1),
(289, 6, 'Close-Grip Front Lat Pulldown', 'Moderate', 5.5, 1),
(290, 6, 'Dynamic Back Stretch', 'Moderate', 4, 1),
(291, 6, 'Elevated Cable Rows', 'Moderate', 4, 1),
(292, 6, 'Full Range-Of-Motion Lat Pulldown', 'Moderate', 5.5, 1),
(293, 6, 'Gironda Sternum Chins', 'Moderate', 5.5, 1),
(294, 6, 'Kipping Muscle Up', 'Moderate', 5.5, 1),
(295, 6, 'Kneeling High Pulley Row', 'Moderate', 4, 1),
(296, 6, 'Kneeling Single-Arm High Pulley Row', 'Moderate', 4, 1),
(297, 6, 'Latissimus Dorsi-SMR', 'Moderate', 5.5, 1),
(298, 6, 'Leverage Iso Row', 'Moderate', 4, 1),
(299, 6, 'London Bridges', 'Moderate', 5.5, 1),
(300, 6, 'Muscle Up', 'Moderate', 4, 1),
(301, 6, 'One Arm Against Wall', 'Moderate', 5.5, 1),
(302, 6, 'One Arm Lat Pulldown', 'Moderate', 5.5, 1),
(303, 6, 'One Handed Hang', 'Moderate', 4, 1),
(304, 6, 'Overhead Lat', 'Moderate', 4, 1),
(305, 6, 'Overhead Slam', 'Moderate', 4, 1),
(306, 6, 'Pullups', 'Moderate', 8, 1),
(307, 6, 'Rocky Pull-Ups/Pulldowns', 'Moderate', 5.5, 1),
(308, 6, 'Rope Climb', 'Moderate', 5.5, 1),
(309, 6, 'Rope Straight-Arm Pulldown', 'Moderate', 4, 1),
(310, 6, 'Shotgun Row', 'Moderate', 5.5, 1),
(311, 6, 'Side To Side Chins', 'Moderate', 5.5, 1),
(312, 6, 'Side-Lying Floor Stretch', 'Moderate', 4, 1),
(313, 6, 'Straight-Arm Pulldown', 'Moderate', 5.5, 1),
(314, 6, 'Underhand Cable Pulldowns', 'Moderate', 4, 1),
(315, 6, 'V-Bar Pulldown', 'Moderate', 5.5, 1),
(316, 6, 'V-Bar Pullup', 'Moderate', 5.5, 1),
(317, 6, 'Weighted Pull Ups', 'Moderate', 4, 1),
(318, 6, 'Wide-Grip Lat Pulldown', 'Moderate', 5.5, 1),
(319, 6, 'Wide-Grip Pulldown Behind The Neck', 'Moderate', 5.5, 1),
(320, 6, 'Wide-Grip Rear Pull-Up', 'Moderate', 4, 1),
(321, 7, 'Atlas Stone Trainer', 'Moderate', 5.5, 1),
(322, 7, 'Atlas Stones', 'Moderate', 5.5, 1),
(323, 7, 'Axle Deadlift', 'Moderate', 4, 1),
(324, 7, 'Barbell Deadlift', 'Moderate', 4, 1),
(325, 7, 'Cat Stretch', 'Moderate', 5.5, 1),
(326, 7, 'Child Pose', 'Moderate', 4, 1),
(327, 7, 'Crossover Reverse Lunge', 'Moderate', 5.5, 1),
(328, 7, 'Dancers Stretch', 'Moderate', 5.5, 1),
(329, 7, 'Deadlift with Bands', 'Moderate', 4, 1),
(330, 7, 'Deadlift with Chains', 'Moderate', 4, 1),
(331, 7, 'Deficit Deadlift', 'Moderate', 4, 1),
(332, 7, 'Hug A Ball', 'Moderate', 5.5, 1),
(333, 7, 'Hug Knees To Chest', 'Moderate', 5.5, 1),
(334, 7, 'Hyperextensions (Back Extensions)', 'Moderate', 4, 1),
(335, 7, 'Hyperextensions With No Hyperextension Bench', 'Moderate', 5.5, 1),
(336, 7, 'Keg Load', 'Moderate', 5.5, 1),
(337, 7, 'Lower Back-SMR', 'Moderate', 4, 1),
(338, 7, 'Pelvic Tilt Into Bridge', 'Moderate', 5.5, 1),
(339, 7, 'Pyramid', 'Moderate', 5.5, 1),
(340, 7, 'Rack Pull with Bands', 'Moderate', 4, 1),
(341, 7, 'Rack Pulls', 'Moderate', 5.5, 1),
(342, 7, 'Reverse Band Deadlift', 'Moderate', 4, 1),
(343, 7, 'Seated Good Mornings', 'Moderate', 4, 1),
(344, 7, 'Standing Pelvic Tilt', 'Moderate', 5.5, 1),
(345, 7, 'Stiff Leg Barbell Good Morning', 'Moderate', 5.5, 1),
(346, 7, 'Superman', 'Moderate', 4, 1),
(347, 7, 'Weighted Ball Hyperextension', 'Moderate', 4, 1),
(348, 8, 'Alternating Kettlebell Row', 'Moderate', 5.5, 1),
(349, 8, 'Alternating Renegade Row', 'Moderate', 4, 1),
(350, 8, 'Bent Over Barbell Row', 'Moderate', 5.5, 1),
(351, 8, 'Bent Over One-Arm Long Bar Row', 'Moderate', 4, 1),
(352, 8, 'Bent Over Two-Arm Long Bar Row', 'Moderate', 5.5, 1),
(353, 8, 'Bent Over Two-Dumbbell Row', 'Moderate', 5.5, 1),
(354, 8, 'Bent Over Two-Dumbbell Row With Palms In', 'Moderate', 4, 1),
(355, 8, 'Bodyweight Mid Row', 'Moderate', 4, 1),
(356, 8, 'Dumbbell Incline Row', 'Moderate', 5.5, 1),
(357, 8, 'Incline Bench Pull', 'Moderate', 4, 1),
(358, 8, 'Inverted Row', 'Moderate', 5.5, 1),
(359, 8, 'Inverted Row with Straps', 'Moderate', 4, 1),
(360, 8, 'Leverage High Row', 'Moderate', 4, 1),
(361, 8, 'Lying Cambered Barbell Row', 'Moderate', 5.5, 1),
(362, 8, 'Lying T-Bar Row', 'Moderate', 5.5, 1),
(363, 8, 'Middle Back Shrug', 'Moderate', 4, 1),
(364, 8, 'Middle Back Stretch', 'Moderate', 5.5, 1),
(365, 8, 'Mixed Grip Chin', 'Moderate', 5.5, 1),
(366, 8, 'One Arm Chin-Up', 'Moderate', 4, 1),
(367, 8, 'One-Arm Dumbbell Row', 'Moderate', 4, 1),
(368, 8, 'One-Arm Kettlebell Row', 'Moderate', 5.5, 1),
(369, 8, 'One-Arm Long Bar Row', 'Moderate', 5.5, 1),
(370, 8, 'Reverse Grip Bent-Over Rows', 'Moderate', 4, 1),
(371, 8, 'Rhomboids-SMR', 'Moderate', 5.5, 1),
(372, 8, 'Seated Cable Rows', 'Moderate', 4, 1),
(373, 8, 'Seated One-arm Cable Pulley Rows', 'Moderate', 4, 1),
(374, 8, 'Sled Row', 'Moderate', 5.5, 1),
(375, 8, 'Smith Machine Bent Over Row', 'Moderate', 5.5, 1),
(376, 8, 'Spinal Stretch', 'Moderate', 4, 1),
(377, 8, 'Straight Bar Bench Mid Rows', 'Moderate', 5.5, 1),
(378, 8, 'Suspended Row', 'Moderate', 5.5, 1),
(379, 8, 'T-Bar Row with Handle', 'Moderate', 4, 1),
(380, 8, 'Two-Arm Kettlebell Row', 'Moderate', 5.5, 1),
(381, 9, 'Alternating Cable Shoulder Press', 'Moderate', 5.5, 1),
(382, 9, 'Alternating Deltoid Raise', 'Moderate', 5.5, 1),
(383, 9, 'Alternating Kettlebell Press', 'Moderate', 4, 1),
(384, 9, 'Anti-Gravity Press', 'Moderate', 4, 1),
(385, 9, 'Arm Circles', 'Moderate', 5.5, 1),
(386, 9, 'Arnold Dumbbell Press', 'Moderate', 4, 1),
(387, 9, 'Back Flyes - With Bands', 'Moderate', 5.5, 1),
(388, 9, 'Backward Medicine Ball Throw', 'Moderate', 5.5, 1),
(389, 9, 'Band Pull Apart', 'Moderate', 4, 1),
(390, 9, 'Barbell Incline Shoulder Raise', 'Moderate', 4, 1),
(391, 9, 'Barbell Rear Delt Row', 'Moderate', 5.5, 1),
(392, 9, 'Barbell Shoulder Press', 'Moderate', 5.5, 1),
(393, 9, 'Battling Ropes', 'Moderate', 4, 1),
(394, 9, 'Bent Over Dumbbell Rear Delt Raise With Head On Bench', 'Moderate', 4, 1),
(395, 9, 'Bent Over Low-Pulley Side Lateral', 'Moderate', 4, 1),
(396, 9, 'Bradford/Rocky Presses', 'Moderate', 5.5, 1),
(397, 9, 'Cable Internal Rotation', 'Moderate', 5.5, 1),
(398, 9, 'Cable Rear Delt Fly', 'Moderate', 4, 1),
(399, 9, 'Cable Rope Rear-Delt Rows', 'Moderate', 5.5, 1),
(400, 9, 'Cable Seated Lateral Raise', 'Moderate', 4, 1),
(401, 9, 'Cable Shoulder Press', 'Moderate', 4, 1),
(402, 9, 'Car Drivers', 'Moderate', 5.5, 1),
(403, 9, 'Chair Upper Body Stretch', 'Moderate', 5.5, 1),
(404, 9, 'Circus Bell', 'Moderate', 4, 1),
(405, 9, 'Clean and Jerk', 'Moderate', 5.5, 1),
(406, 9, 'Clean and Press', 'Moderate', 5.5, 1),
(407, 9, 'Crucifix', 'Moderate', 4, 1),
(408, 9, 'Cuban Press', 'Moderate', 5.5, 1),
(409, 9, 'Double Kettlebell Jerk', 'Moderate', 4, 1),
(410, 9, 'Double Kettlebell Push Press', 'Moderate', 5.5, 1),
(411, 9, 'Double Kettlebell Snatch', 'Moderate', 5.5, 1),
(412, 9, 'Dumbbell Incline Shoulder Raise', 'Moderate', 4, 1),
(413, 9, 'Dumbbell Lying One-Arm Rear Lateral Raise', 'Moderate', 4, 1),
(414, 9, 'Dumbbell Lying Rear Lateral Raise', 'Moderate', 5.5, 1),
(415, 9, 'Dumbbell One-Arm Shoulder Press', 'Moderate', 4, 1),
(416, 9, 'Dumbbell One-Arm Upright Row', 'Moderate', 5.5, 1),
(417, 9, 'Dumbbell Raise', 'Moderate', 5.5, 1),
(418, 9, 'Dumbbell Scaption', 'Moderate', 4, 1),
(419, 9, 'Dumbbell Shoulder Press', 'Moderate', 4, 1),
(420, 9, 'Elbow Circles', 'Moderate', 5.5, 1),
(421, 9, 'External Rotation', 'Moderate', 4, 1),
(422, 9, 'External Rotation with Band', 'Moderate', 5.5, 1),
(423, 9, 'External Rotation with Cable', 'Moderate', 5.5, 1),
(424, 9, 'Face Pull', 'Moderate', 4, 1),
(425, 9, 'Front Cable Raise', 'Moderate', 4, 1),
(426, 9, 'Front Dumbbell Raise', 'Moderate', 5.5, 1),
(427, 9, 'Front Incline Dumbbell Raise', 'Moderate', 5.5, 1),
(428, 9, 'Front Plate Raise', 'Moderate', 4, 1),
(429, 9, 'Front Two-Dumbbell Raise', 'Moderate', 4, 1),
(430, 9, 'Handstand Push-Ups', 'Moderate', 5.5, 1),
(431, 9, 'Internal Rotation with Band', 'Moderate', 4, 1),
(432, 9, 'Iron Cross', 'Moderate', 5.5, 1),
(433, 9, 'Jerk Balance', 'Moderate', 4, 1),
(434, 9, 'Kettlebell Arnold Press', 'Moderate', 5.5, 1),
(435, 9, 'Kettlebell Pirate Ships', 'Moderate', 4, 1),
(436, 9, 'Kettlebell Seated Press', 'Moderate', 5.5, 1),
(437, 9, 'Kettlebell Seesaw Press', 'Moderate', 4, 1),
(438, 9, 'Kettlebell Thruster', 'Moderate', 4, 1),
(439, 9, 'Kettlebell Turkish Get-Up (Lunge style)', 'Moderate', 5.5, 1),
(440, 9, 'Kettlebell Turkish Get-Up (Squat style)', 'Moderate', 5.5, 1),
(441, 9, 'Kneeling Arm Drill', 'Moderate', 4, 1),
(442, 9, 'Landmine Linear Jammer', 'Moderate', 5, 1),
(443, 9, 'Lateral Raise - With Bands', 'Moderate', 5.5, 1),
(444, 9, 'Leverage Shoulder Press', 'Moderate', 4, 1),
(445, 9, 'Log Lift', 'Moderate', 5.5, 1),
(446, 9, 'Low Pulley Row To Neck', 'Moderate', 4, 1),
(447, 9, 'Lying One-Arm Lateral Raise', 'Moderate', 5.5, 1),
(448, 9, 'Lying Rear Delt Raise', 'Moderate', 5.5, 1),
(449, 9, 'Machine Shoulder (Military) Press', 'Moderate', 4, 1),
(450, 9, 'Medicine Ball Scoop Throw', 'Moderate', 5.5, 1),
(451, 9, 'One-Arm Incline Lateral Raise', 'Moderate', 4, 1),
(452, 9, 'One-Arm Kettlebell Clean and Jerk', 'Moderate', 4, 1),
(453, 9, 'One-Arm Kettlebell Jerk', 'Moderate', 4, 1),
(454, 9, 'One-Arm Kettlebell Military Press To The Side', 'Moderate', 5.5, 1),
(455, 9, 'One-Arm Kettlebell Para Press', 'Moderate', 4, 1),
(456, 9, 'One-Arm Kettlebell Push Press', 'Moderate', 5.5, 1),
(457, 9, 'One-Arm Kettlebell Snatch', 'Moderate', 5.5, 1),
(458, 9, 'One-Arm Kettlebell Split Jerk', 'Moderate', 4, 1),
(459, 9, 'One-Arm Kettlebell Split Snatch', 'Moderate', 5.5, 1),
(460, 9, 'One-Arm Side Laterals', 'Moderate', 5.5, 1),
(461, 9, 'Power Partials', 'Moderate', 4, 1),
(462, 9, 'Push Press', 'Moderate', 5.5, 1),
(463, 9, 'Push Press - Behind the Neck', 'Moderate', 4, 1),
(464, 9, 'Rack Delivery', 'Moderate', 4, 1),
(465, 9, 'Return Push from Stance', 'Moderate', 5.5, 1),
(466, 9, 'Reverse Flyes', 'Moderate', 4, 1),
(467, 9, 'Reverse Flyes With External Rotation', 'Moderate', 5.5, 1),
(468, 9, 'Reverse Machine Flyes', 'Moderate', 5.5, 1),
(469, 9, 'Round The World Shoulder Stretch', 'Moderate', 4, 1),
(470, 9, 'Seated Barbell Military Press', 'Moderate', 5.5, 1),
(471, 9, 'Seated Bent-Over Rear Delt Raise', 'Moderate', 5.5, 1),
(472, 9, 'Seated Cable Shoulder Press', 'Moderate', 4, 1),
(473, 9, 'Seated Dumbbell Press', 'Moderate', 5.5, 1),
(474, 9, 'Seated Front Deltoid', 'Moderate', 5.5, 1),
(475, 9, 'Seated Side Lateral Raise', 'Moderate', 4, 1),
(476, 9, 'See-Saw Press (Alternating Side Press)', 'Moderate', 4, 1),
(477, 9, 'Shoulder Circles', 'Moderate', 5.5, 1),
(478, 9, 'Shoulder Press - With Bands', 'Moderate', 4, 1),
(479, 9, 'Shoulder Raise', 'Moderate', 5.5, 1),
(480, 9, 'Shoulder Stretch', 'Moderate', 5.5, 1),
(481, 9, 'Side Lateral Raise', 'Moderate', 4, 1),
(482, 9, 'Side Laterals to Front Raise', 'Moderate', 4, 1),
(483, 9, 'Side Wrist Pull', 'Moderate', 5.5, 1),
(484, 9, 'Single Dumbbell Raise', 'Moderate', 5.5, 1),
(485, 9, 'Single-Arm Linear Jammer', 'Moderate', 4, 1),
(486, 9, 'Sled Overhead Backward Walk', 'Moderate', 4, 1),
(487, 9, 'Sled Reverse Flye', 'Moderate', 5.5, 1),
(488, 9, 'Smith Incline Shoulder Raise', 'Moderate', 5.5, 1),
(489, 9, 'Smith Machine One-Arm Upright Row', 'Moderate', 4, 1),
(490, 9, 'Smith Machine Overhead Shoulder Press', 'Moderate', 4, 1),
(491, 9, 'Standing Alternating Dumbbell Press', 'Moderate', 4, 1),
(492, 9, 'Standing Barbell Press Behind Neck', 'Moderate', 5.5, 1),
(493, 9, 'Standing Bradford Press', 'Moderate', 5.5, 1),
(494, 9, 'Standing Dumbbell Press', 'Moderate', 4, 1),
(495, 9, 'Standing Dumbbell Straight-Arm Front Delt Raise Above Head', 'Moderate', 4, 1),
(496, 9, 'Standing Front Barbell Raise Over Head', 'Moderate', 5.5, 1),
(497, 9, 'Standing Low-Pulley Deltoid Raise', 'Moderate', 5.5, 1),
(498, 9, 'Standing Military Press', 'Moderate', 4, 1),
(499, 9, 'Standing Palm-In One-Arm Dumbbell Press', 'Moderate', 4, 1),
(500, 9, 'Standing Palms-In Dumbbell Press', 'Moderate', 5.5, 1),
(501, 9, 'Standing Two-Arm Overhead Throw', 'Moderate', 4, 1),
(502, 9, 'Straight Raises on Incline Bench', 'Moderate', 4, 1),
(503, 9, 'Two-Arm Kettlebell Clean', 'Moderate', 5.5, 1),
(504, 9, 'Two-Arm Kettlebell Jerk', 'Moderate', 5.5, 1),
(505, 9, 'Two-Arm Kettlebell Military Press', 'Moderate', 4, 1),
(506, 9, 'Upright Barbell Row', 'Moderate', 4, 1),
(507, 9, 'Upward Stretch', 'Moderate', 5.5, 1),
(508, 10, 'Band Skull Crusher', 'Moderate', 5.5, 1),
(509, 10, 'Bench Dips', 'Moderate', 5.5, 1),
(510, 10, 'Bench Press - Powerlifting', 'Moderate', 5.5, 1),
(511, 10, 'Bench Press with Chains', 'Moderate', 4, 1),
(512, 10, 'Board Press', 'Moderate', 4, 1),
(513, 10, 'Body Tricep Press', 'Moderate', 5.5, 1),
(514, 10, 'Body-Up', 'Moderate', 4, 1),
(515, 10, 'Cable Incline Triceps Extension', 'Moderate', 5.5, 1),
(516, 10, 'Cable Lying Triceps Extension', 'Moderate', 4, 1),
(517, 10, 'Cable One Arm Tricep Extension', 'Moderate', 4, 1),
(518, 10, 'Cable Rope Overhead Triceps Extension', 'Moderate', 5.5, 1),
(519, 10, 'Chain Handle Extension', 'Moderate', 4, 1),
(520, 10, 'Close-Grip Barbell Bench Press', 'Moderate', 5.5, 1),
(521, 10, 'Close-Grip Dumbbell Press', 'Moderate', 5.5, 1),
(522, 10, 'Close-Grip EZ-Bar Press', 'Moderate', 4, 1),
(523, 10, 'Close-Grip Push-Up off of a Dumbbell', 'Moderate', 5.5, 1),
(524, 10, 'Decline Close-Grip Bench To Skull Crusher', 'Moderate', 4, 1),
(525, 10, 'Decline Dumbbell Triceps Extension', 'Moderate', 5.5, 1),
(526, 10, 'Decline EZ Bar Triceps Extension', 'Moderate', 4, 1),
(527, 10, 'Dip Machine', 'Moderate', 4, 1),
(528, 10, 'Dips - Triceps Version', 'Moderate', 5.5, 1),
(529, 10, 'Dumbbell Floor Press', 'Moderate', 4, 1),
(530, 10, 'Dumbbell One-Arm Triceps Extension', 'Moderate', 5.5, 1),
(531, 10, 'Dumbbell Tricep Extension -Pronated Grip', 'Moderate', 5.5, 1),
(532, 10, 'EZ-Bar Skullcrusher', 'Moderate', 4, 1),
(533, 10, 'Floor Press', 'Moderate', 4, 1),
(534, 10, 'Floor Press with Chains', 'Moderate', 5.5, 1),
(535, 10, 'Incline Barbell Triceps Extension', 'Moderate', 5.5, 1),
(536, 10, 'Incline Push-Up Close-Grip', 'Moderate', 4, 1),
(537, 10, 'JM Press', 'Moderate', 4, 1),
(538, 10, 'Kneeling Cable Triceps Extension', 'Moderate', 5.5, 1),
(539, 10, 'Low Cable Triceps Extension', 'Moderate', 5.5, 1),
(540, 10, 'Lying Close-Grip Barbell Triceps Extension Behind The Head', 'Moderate', 4, 1),
(541, 10, 'Lying Close-Grip Barbell Triceps Press To Chin', 'Moderate', 4, 1),
(542, 10, 'Lying Dumbbell Tricep Extension', 'Moderate', 4, 1),
(543, 10, 'Lying Triceps Press', 'Moderate', 5.5, 1),
(544, 10, 'Machine Triceps Extension', 'Moderate', 4, 1),
(545, 10, 'One Arm Floor Press', 'Moderate', 5.5, 1),
(546, 10, 'One Arm Pronated Dumbbell Triceps Extension', 'Moderate', 5.5, 1),
(547, 10, 'One Arm Supinated Dumbbell Triceps Extension', 'Moderate', 4, 1),
(548, 10, 'Overhead Triceps', 'Moderate', 5.5, 1),
(549, 10, 'Parallel Bar Dip', 'Moderate', 4, 1),
(550, 10, 'Pin Presses', 'Moderate', 4, 1),
(551, 10, 'Push-Ups - Close Triceps Position', 'Moderate', 5.5, 1),
(552, 10, 'Reverse Band Bench Press', 'Moderate', 4, 1),
(553, 10, 'Reverse Grip Triceps Pushdown', 'Moderate', 4, 1),
(554, 10, 'Reverse Triceps Bench Press', 'Moderate', 5.5, 1),
(555, 10, 'Ring Dips', 'Moderate', 4, 1),
(556, 10, 'Seated Bent-Over One-Arm Dumbbell Triceps Extension', 'Moderate', 5.5, 1),
(557, 10, 'Seated Bent-Over Two-Arm Dumbbell Triceps Extension', 'Moderate', 4, 1),
(558, 10, 'Seated Triceps Press', 'Moderate', 4, 1),
(559, 10, 'Sled Overhead Triceps Extension', 'Moderate', 5.5, 1),
(560, 10, 'Smith Machine Close-Grip Bench Press', 'Moderate', 5.5, 1),
(561, 10, 'Speed Band Overhead Triceps', 'Moderate', 4, 1),
(562, 10, 'Speed Band Pushdown', 'Moderate', 5.5, 1),
(563, 10, 'Standing Bent-Over One-Arm Dumbbell Triceps Extension', 'Moderate', 4, 1),
(564, 10, 'Standing Bent-Over Two-Arm Dumbbell Triceps Extension', 'Moderate', 5.5, 1),
(565, 10, 'Standing Dumbbell Triceps Extension', 'Moderate', 4, 1),
(566, 10, 'Standing Low-Pulley One-Arm Triceps Extension', 'Moderate', 4, 1),
(567, 10, 'Standing One-Arm Dumbbell Triceps Extension', 'Moderate', 5.5, 1),
(568, 10, 'Standing Overhead Barbell Triceps Extension', 'Moderate', 4, 1),
(569, 10, 'Standing Towel Triceps Extension', 'Moderate', 4, 1),
(570, 10, 'Supine Chest Throw', 'Moderate', 5.5, 1),
(571, 10, 'Tate Press', 'Moderate', 5.5, 1),
(572, 10, 'Tricep Dumbbell Kickback', 'Moderate', 4, 1),
(573, 10, 'Tricep Side Stretch', 'Moderate', 5.5, 1),
(574, 10, 'Triceps Overhead Extension with Rope', 'Moderate', 4, 1),
(575, 10, 'Triceps Pushdown', 'Moderate', 5.5, 1),
(576, 10, 'Triceps Pushdown - Rope Attachment', 'Moderate', 5.5, 1),
(577, 10, 'Triceps Pushdown - V-Bar Attachment', 'Moderate', 4, 1),
(578, 10, 'Triceps Stretch', 'Moderate', 4, 1),
(579, 10, 'Weighted Bench Dip', 'Moderate', 5.5, 1),
(580, 11, 'Ankle Circles', 'Moderate', 5.5, 1),
(581, 11, 'Anterior Tibialis-SMR', 'Moderate', 4, 1),
(582, 11, 'Balance Board', 'Moderate', 5.5, 1),
(583, 11, 'Barbell Seated Calf Raise', 'Moderate', 5.5, 1),
(584, 11, 'Calf Press', 'Moderate', 4, 1),
(585, 11, 'Calf Press On The Leg Press Machine', 'Moderate', 4, 1),
(586, 11, 'Calf Raise On A Dumbbell', 'Moderate', 5.5, 1),
(587, 11, 'Calf Raises - With Bands', 'Moderate', 5.5, 1),
(588, 11, 'Calf Stretch Elbows Against Wall', 'Moderate', 4, 1),
(589, 11, 'Calf Stretch Hands Against Wall', 'Moderate', 4, 1),
(590, 11, 'Calves-SMR', 'Moderate', 4, 1),
(591, 11, 'Donkey Calf Raises', 'Moderate', 5.5, 1),
(592, 11, 'Dumbbell Seated One-Leg Calf Raise', 'Moderate', 4, 1),
(593, 11, 'Foot-SMR', 'Moderate', 5.5, 1),
(594, 11, 'Knee Circles', 'Moderate', 4, 1),
(595, 11, 'Peroneals Stretch', 'Moderate', 5.5, 1),
(596, 11, 'Peroneals-SMR', 'Moderate', 5.5, 1),
(597, 11, 'Posterior Tibialis Stretch', 'Moderate', 4, 1),
(598, 11, 'Rocking Standing Calf Raise', 'Moderate', 4, 1),
(599, 11, 'Seated Calf Raise', 'Moderate', 5.5, 1),
(600, 11, 'Seated Calf Stretch', 'Moderate', 4, 1),
(601, 11, 'Smith Machine Calf Raise', 'Moderate', 5.5, 1),
(602, 11, 'Smith Machine Reverse Calf Raises', 'Moderate', 5.5, 1),
(603, 11, 'Standing Barbell Calf Raise', 'Moderate', 4, 1),
(604, 11, 'Standing Calf Raises', 'Moderate', 4, 1),
(605, 11, 'Standing Dumbbell Calf Raise', 'Moderate', 5.5, 1),
(606, 11, 'Standing Gastrocnemius Calf Stretch', 'Moderate', 4, 1),
(607, 11, 'Standing Soleus And Achilles Stretch', 'Moderate', 5.5, 1),
(608, 12, 'Alternating Hang Clean', 'Moderate', 5.5, 1),
(609, 12, 'Ball Leg Curl', 'Moderate', 4, 1),
(610, 12, 'Band Good Morning', 'Moderate', 5.5, 1),
(611, 12, 'Band Good Morning (Pull Through)', 'Moderate', 4, 1),
(612, 12, 'Box Jump (Multiple Response)', 'Moderate', 5.5, 1),
(613, 12, 'Box Skip', 'Moderate', 5.5, 1),
(614, 12, 'Chair Leg Extended Stretch', 'Moderate', 4, 1),
(615, 12, 'Clean', 'Moderate', 3, 1),
(616, 12, 'Clean Deadlift', 'Moderate', 5.5, 1),
(617, 12, 'Double Kettlebell Alternating Hang Clean', 'Moderate', 5.5, 1),
(618, 12, 'Dumbbell Clean', 'Moderate', 4, 1),
(619, 12, 'Floor Glute-Ham Raise', 'Moderate', 4, 1),
(620, 12, 'Front Box Jump', 'Moderate', 5.5, 1),
(621, 12, 'Front Leg Raises', 'Moderate', 5.5, 1),
(622, 12, 'Glute Ham Raise', 'Moderate', 4, 1),
(623, 12, 'Good Morning', 'Moderate', 4, 1),
(624, 12, 'Good Morning off Pins', 'Moderate', 5.5, 1),
(625, 12, 'Hamstring Stretch', 'Moderate', 5.5, 1),
(626, 12, 'Hamstring-SMR', 'Moderate', 4, 1),
(627, 12, 'Hang Snatch', 'Moderate', 5.5, 1),
(628, 12, 'Hang Snatch - Below Knees', 'Moderate', 4, 1),
(629, 12, 'Hanging Bar Good Morning', 'Moderate', 5.5, 1),
(630, 12, 'Hurdle Hops', 'Moderate', 4, 1),
(631, 12, 'Intermediate Groin Stretch', 'Moderate', 5.5, 1),
(632, 12, 'Kettlebell Dead Clean', 'Moderate', 4, 1),
(633, 12, 'Kettlebell Hang Clean', 'Moderate', 4, 1),
(634, 12, 'Kettlebell One-Legged Deadlift', 'Moderate', 5.5, 1),
(635, 12, 'Knee Tuck Jump', 'Moderate', 5.5, 1),
(636, 12, 'Leg-Up Hamstring Stretch', 'Moderate', 4, 1),
(637, 12, 'Linear 3-Part Start Technique', 'Moderate', 5.5, 1),
(638, 12, 'Linear Acceleration Wall Drill', 'Moderate', 4, 1),
(639, 12, 'Lunge Pass Through', 'Moderate', 5.5, 1),
(640, 12, 'Lying Hamstring', 'Moderate', 4, 1),
(641, 12, 'Lying Leg Curls', 'Moderate', 4, 1),
(642, 12, 'Moving Claw Series', 'Moderate', 5.5, 1),
(643, 12, 'Muscle Snatch', 'Moderate', 5.5, 1),
(644, 12, 'Natural Glute Ham Raise', 'Moderate', 4, 1),
(645, 12, 'One-Arm Kettlebell Clean', 'Moderate', 5.5, 1),
(646, 12, 'One-Arm Kettlebell Swings', 'Moderate', 5.5, 1),
(647, 12, 'One-Arm Open Palm Kettlebell Clean', 'Moderate', 4, 1),
(648, 12, 'Open Palm Kettlebell Clean', 'Moderate', 4, 1),
(649, 12, 'Platform Hamstring Slides', 'Moderate', 5.5, 1),
(650, 12, 'Power Clean', 'Moderate', 4, 1),
(651, 12, 'Power Clean from Blocks', 'Moderate', 4, 1),
(652, 12, 'Power Snatch', 'Moderate', 5.5, 1),
(653, 12, 'Power Stairs', 'Moderate', 5.5, 1),
(654, 12, 'Prone Manual Hamstring', 'Moderate', 4, 1),
(655, 12, 'Prowler Sprint', 'Moderate', 4, 1),
(656, 12, 'Reverse Band Sumo Deadlift', 'Moderate', 5.5, 1),
(657, 12, 'Reverse Hyperextension', 'Moderate', 4, 1),
(658, 12, 'Romanian Deadlift', 'Moderate', 5.5, 1),
(659, 12, 'Romanian Deadlift from Deficit', 'Moderate', 4, 1),
(660, 12, 'World''s Greatest Stretch', 'Moderate', 4, 1),
(679, 2, 'Aerobic Dance (Casual)', NULL, 5, 1),
(680, 2, 'Aerobic Dance (Moderate)', NULL, 6.5, 1),
(681, 2, 'Aerobic Dance (Intense)', NULL, 7, 1),
(682, 2, 'Basketball (Game)', NULL, 8, 1),
(683, 2, 'Basketball (Non-Game, General)', NULL, 6, 1),
(684, 2, 'Basketball (Shooting Baskets)', NULL, 4.5, 1),
(685, 2, 'Calisthenics (Intense)', NULL, 8, 1),
(686, 2, 'Calisthenics (Moderate)', NULL, 3.5, 1),
(687, 2, 'Bicycling, BMX or Mountain', NULL, 8.5, 1),
(688, 2, 'Bicycling, Below 16 Kmph', NULL, 4, 1),
(689, 2, 'Bicycling, General', NULL, 8, 1),
(690, 2, 'Bicycling, 16-20 Kmph', NULL, 6, 1),
(691, 2, 'Bicycling, 20-23 Kmph', NULL, 8, 1),
(692, 2, 'Bicycling, 23-26 Kmph', NULL, 10, 1),
(693, 2, 'Bicycling, 26-31 Kmph', NULL, 12, 1),
(694, 2, 'Bicycling, Above 32 mph, Racing', NULL, 16, 1),
(695, 2, 'Unicycling', NULL, 5, 1),
(696, 2, 'Dancing(Casual)', NULL, 3, 1),
(697, 2, 'Dancing(Fast)', NULL, 5.5, 1),
(698, 2, 'Football(Competitive)', NULL, 9, 1),
(699, 2, 'Football(Flag, Touch, General)', NULL, 8, 1),
(700, 2, 'Football(Playing Catch)	', NULL, 2.5, 1),
(701, 2, 'Frisbie(General)', NULL, 3, 1),
(702, 2, 'Frisbie(Ultimate)', NULL, 8, 1),
(703, 2, 'Golf(Carry Clubs)', NULL, 4.5, 1),
(704, 2, 'Golf(with Cart)', NULL, 3.5, 1),
(705, 2, 'Gymnastics', NULL, 4, 1),
(706, 2, 'Hiking(Cross Country)', NULL, 6, 1),
(707, 2, 'Housework', NULL, 3, 1),
(708, 2, 'Jump Rope(Fast)', NULL, 12, 1),
(709, 2, 'Jump Rope(Slow)', NULL, 8, 1),
(710, 2, 'Kayaking', NULL, 5, 1),
(711, 2, 'Kickball', NULL, 7, 1),
(712, 2, 'Lying Quietly', NULL, 1, 1),
(713, 2, 'Martial Arts', NULL, 10, 1),
(714, 2, 'Motocross', NULL, 4, 1),
(715, 2, 'Racquetball(Casual)', NULL, 7, 1),
(716, 2, 'Racquetball(Competitive)', NULL, 10, 1),
(717, 2, 'Rock/Mountain Climbing', NULL, 8, 1),
(718, 2, 'Rollerblading/skating(Casual)', NULL, 11, 1),
(719, 2, 'Rollerblading/skating(Fast)', NULL, 12, 1),
(720, 2, 'Rowing Machine(Extreme)', NULL, 10, 1),
(721, 2, 'Rowing Machine(Moderate)', NULL, 7, 1),
(722, 2, 'Running (Jogging/General)', NULL, 7, 1),
(723, 2, 'Running (Below 8 Km/hr)', NULL, 8, 1),
(724, 2, 'Running (8-10 Km/hr)', NULL, 10, 1),
(725, 2, 'Running (10-13 Km/hr)', NULL, 11.5, 1),
(726, 2, 'Running (13-16 Km/hr)', NULL, 13.5, 1),
(727, 2, 'Running (Above 16 Km/hr)', NULL, 16, 1),
(728, 2, 'Running (Cross Country)', NULL, 9, 1),
(729, 2, 'Sitting (Office work)', NULL, 1.5, 1),
(730, 2, 'Sitting (Quietly)', NULL, 1, 1),
(731, 2, 'Skateboarding', NULL, 5, 1),
(732, 2, 'Soccer(Competitive)', NULL, 10, 1),
(733, 2, 'Soccer (Casual)', NULL, 7, 1),
(734, 2, 'Softball', NULL, 5, 1),
(735, 2, 'Squash', NULL, 12, 1),
(736, 2, 'Stair/Ladder Climbing', NULL, 8, 1),
(737, 2, 'Standing(Office work)', NULL, 2.3, 1),
(738, 2, 'Standing (Quietly)', NULL, 1, 1),
(739, 2, 'Stretching/Hatha Yoga', NULL, 2.5, 1),
(740, 2, 'Swimming', NULL, 7, 1),
(741, 2, 'Table Tennis/Ping Pong', NULL, 4, 1),
(742, 2, 'Tennis(Doubles)', NULL, 6, 1),
(743, 2, 'Tennis (Singles)', NULL, 8, 1),
(744, 2, 'Volleyball', NULL, 3, 1),
(745, 2, 'Walking (3 Km/hr)', NULL, 2, 1),
(746, 2, 'Walking (5 Km/hr)', NULL, 3.3, 1),
(747, 2, 'Walking (5.6 Km/hr)', NULL, 3.8, 1),
(748, 2, 'Walking (6.4 Km/hr)', NULL, 5, 1),
(749, 2, 'Walking (8 Km/hr)', NULL, 8, 1);

-- --------------------------------------------------------

--
-- Table structure for table `sb__worktype`
--

CREATE TABLE IF NOT EXISTS `sb__worktype` (
`id` int(11) NOT NULL,
  `name` varchar(255) NOT NULL,
  `type` int(11) DEFAULT NULL COMMENT '1=weight,2=normal,3=custom,',
  `status` tinyint(4) NOT NULL DEFAULT '1',
  `adddate` timestamp NULL DEFAULT NULL
) ENGINE=InnoDB  DEFAULT CHARSET=latin1 AUTO_INCREMENT=13 ;

--
-- Dumping data for table `sb__worktype`
--

INSERT INTO `sb__worktype` (`id`, `name`, `type`, `status`, `adddate`) VALUES
(2, 'Cardio', 2, 1, '2013-11-06 13:03:37'),
(3, 'Abdomen', 1, 1, '2013-11-11 05:51:13'),
(4, 'Biceps', 1, 1, '2013-11-11 06:11:01'),
(5, 'Chest', 1, 1, '2013-11-11 06:12:25'),
(6, 'Lats', 1, 1, '2013-11-11 06:12:25'),
(7, 'Lower Back', 1, 1, '2013-11-11 06:12:25'),
(8, 'Middle Back', 1, 1, '2013-11-11 06:12:25'),
(9, 'Shoulder', 1, 1, '2013-11-11 06:12:25'),
(10, 'Triceps', 1, 1, '2013-11-11 06:12:26'),
(11, 'Calves', 1, 1, '2013-11-11 06:12:26'),
(12, 'Hamstring', 1, 1, '2013-11-11 06:12:26');

--
-- Indexes for dumped tables
--

--
-- Indexes for table `sb__centre`
--
ALTER TABLE `sb__centre`
 ADD PRIMARY KEY (`id`), ADD KEY `city` (`city`), ADD KEY `locality` (`locality`), ADD KEY `state` (`state`);

--
-- Indexes for table `sb__centre_association`
--
ALTER TABLE `sb__centre_association`
 ADD PRIMARY KEY (`id`), ADD KEY `centre_id` (`centre_id`), ADD KEY `user_id` (`user_id`);

--
-- Indexes for table `sb__centre_user`
--
ALTER TABLE `sb__centre_user`
 ADD PRIMARY KEY (`id`), ADD UNIQUE KEY `unique` (`email`,`mobile`), ADD KEY `role` (`role`), ADD KEY `nutritionist_id` (`nutritionist_id`), ADD KEY `centre_id` (`centre_id`), ADD KEY `added_by` (`added_by`), ADD KEY `updated_by` (`updated_by`);

--
-- Indexes for table `sb__centre_user_role`
--
ALTER TABLE `sb__centre_user_role`
 ADD PRIMARY KEY (`id`);

--
-- Indexes for table `sb__city`
--
ALTER TABLE `sb__city`
 ADD PRIMARY KEY (`id`), ADD KEY `state` (`state`);

--
-- Indexes for table `sb__locality`
--
ALTER TABLE `sb__locality`
 ADD PRIMARY KEY (`id`), ADD KEY `city` (`city`);

--
-- Indexes for table `sb__medical_questions`
--
ALTER TABLE `sb__medical_questions`
 ADD PRIMARY KEY (`id`);

--
-- Indexes for table `sb__state`
--
ALTER TABLE `sb__state`
 ADD PRIMARY KEY (`id`);

--
-- Indexes for table `sb__user_cardio_workout`
--
ALTER TABLE `sb__user_cardio_workout`
 ADD PRIMARY KEY (`id`);

--
-- Indexes for table `sb__user_details`
--
ALTER TABLE `sb__user_details`
 ADD PRIMARY KEY (`id`);

--
-- Indexes for table `sb__user_measurements`
--
ALTER TABLE `sb__user_measurements`
 ADD PRIMARY KEY (`id`);

--
-- Indexes for table `sb__user_non_cardio_workout`
--
ALTER TABLE `sb__user_non_cardio_workout`
 ADD PRIMARY KEY (`id`);

--
-- Indexes for table `sb__user_physical_details`
--
ALTER TABLE `sb__user_physical_details`
 ADD PRIMARY KEY (`id`);

--
-- Indexes for table `sb__workouts`
--
ALTER TABLE `sb__workouts`
 ADD PRIMARY KEY (`id`);

--
-- Indexes for table `sb__worktype`
--
ALTER TABLE `sb__worktype`
 ADD PRIMARY KEY (`id`);

--
-- AUTO_INCREMENT for dumped tables
--

--
-- AUTO_INCREMENT for table `sb__centre`
--
ALTER TABLE `sb__centre`
MODIFY `id` int(9) NOT NULL AUTO_INCREMENT,AUTO_INCREMENT=5;
--
-- AUTO_INCREMENT for table `sb__centre_association`
--
ALTER TABLE `sb__centre_association`
MODIFY `id` int(9) NOT NULL AUTO_INCREMENT;
--
-- AUTO_INCREMENT for table `sb__centre_user`
--
ALTER TABLE `sb__centre_user`
MODIFY `id` int(9) NOT NULL AUTO_INCREMENT,AUTO_INCREMENT=7;
--
-- AUTO_INCREMENT for table `sb__centre_user_role`
--
ALTER TABLE `sb__centre_user_role`
MODIFY `id` int(9) NOT NULL AUTO_INCREMENT,AUTO_INCREMENT=7;
--
-- AUTO_INCREMENT for table `sb__city`
--
ALTER TABLE `sb__city`
MODIFY `id` int(9) NOT NULL AUTO_INCREMENT,AUTO_INCREMENT=1004;
--
-- AUTO_INCREMENT for table `sb__locality`
--
ALTER TABLE `sb__locality`
MODIFY `id` int(9) NOT NULL AUTO_INCREMENT,AUTO_INCREMENT=2626;
--
-- AUTO_INCREMENT for table `sb__medical_questions`
--
ALTER TABLE `sb__medical_questions`
MODIFY `id` int(9) NOT NULL AUTO_INCREMENT;
--
-- AUTO_INCREMENT for table `sb__state`
--
ALTER TABLE `sb__state`
MODIFY `id` int(9) NOT NULL AUTO_INCREMENT,AUTO_INCREMENT=34;
--
-- AUTO_INCREMENT for table `sb__user_cardio_workout`
--
ALTER TABLE `sb__user_cardio_workout`
MODIFY `id` int(9) NOT NULL AUTO_INCREMENT;
--
-- AUTO_INCREMENT for table `sb__user_details`
--
ALTER TABLE `sb__user_details`
MODIFY `id` int(9) NOT NULL AUTO_INCREMENT,AUTO_INCREMENT=2;
--
-- AUTO_INCREMENT for table `sb__user_measurements`
--
ALTER TABLE `sb__user_measurements`
MODIFY `id` int(9) NOT NULL AUTO_INCREMENT;
--
-- AUTO_INCREMENT for table `sb__user_non_cardio_workout`
--
ALTER TABLE `sb__user_non_cardio_workout`
MODIFY `id` int(9) NOT NULL AUTO_INCREMENT;
--
-- AUTO_INCREMENT for table `sb__user_physical_details`
--
ALTER TABLE `sb__user_physical_details`
MODIFY `id` int(9) NOT NULL AUTO_INCREMENT;
--
-- AUTO_INCREMENT for table `sb__workouts`
--
ALTER TABLE `sb__workouts`
MODIFY `id` int(11) NOT NULL AUTO_INCREMENT,AUTO_INCREMENT=750;
--
-- AUTO_INCREMENT for table `sb__worktype`
--
ALTER TABLE `sb__worktype`
MODIFY `id` int(11) NOT NULL AUTO_INCREMENT,AUTO_INCREMENT=13;
--
-- Constraints for dumped tables
--

--
-- Constraints for table `sb__centre`
--
ALTER TABLE `sb__centre`
ADD CONSTRAINT `sb__centre_ibfk_1` FOREIGN KEY (`city`) REFERENCES `sb__city` (`id`),
ADD CONSTRAINT `sb__centre_ibfk_2` FOREIGN KEY (`locality`) REFERENCES `sb__locality` (`id`),
ADD CONSTRAINT `sb__centre_ibfk_3` FOREIGN KEY (`state`) REFERENCES `sb__state` (`id`);

--
-- Constraints for table `sb__centre_association`
--
ALTER TABLE `sb__centre_association`
ADD CONSTRAINT `sb__centre_association_ibfk_1` FOREIGN KEY (`centre_id`) REFERENCES `sb__centre` (`id`),
ADD CONSTRAINT `sb__centre_association_ibfk_2` FOREIGN KEY (`user_id`) REFERENCES `sb__centre_user` (`id`);

--
-- Constraints for table `sb__centre_user`
--
ALTER TABLE `sb__centre_user`
ADD CONSTRAINT `sb__centre_user_ibfk_1` FOREIGN KEY (`role`) REFERENCES `sb__centre_user_role` (`id`),
ADD CONSTRAINT `sb__centre_user_ibfk_4` FOREIGN KEY (`nutritionist_id`) REFERENCES `sb__centre_user` (`id`),
ADD CONSTRAINT `sb__centre_user_ibfk_5` FOREIGN KEY (`centre_id`) REFERENCES `sb__centre` (`id`),
ADD CONSTRAINT `sb__centre_user_ibfk_7` FOREIGN KEY (`added_by`) REFERENCES `sb__centre_user` (`id`),
ADD CONSTRAINT `sb__centre_user_ibfk_8` FOREIGN KEY (`updated_by`) REFERENCES `sb__centre_user` (`id`);

--
-- Constraints for table `sb__city`
--
ALTER TABLE `sb__city`
ADD CONSTRAINT `sb__city_ibfk_1` FOREIGN KEY (`state`) REFERENCES `sb__state` (`id`);

--
-- Constraints for table `sb__locality`
--
ALTER TABLE `sb__locality`
ADD CONSTRAINT `sb__locality_ibfk_1` FOREIGN KEY (`city`) REFERENCES `sb__city` (`id`);

/*!40101 SET CHARACTER_SET_CLIENT=@OLD_CHARACTER_SET_CLIENT */;
/*!40101 SET CHARACTER_SET_RESULTS=@OLD_CHARACTER_SET_RESULTS */;
/*!40101 SET COLLATION_CONNECTION=@OLD_COLLATION_CONNECTION */;
